Tempo,DimInput,posCercata
939499.0,100,58
68333.0,100,24
79150.0,100,29
67866.66666666667,100,47
77467.0,100,61
51175.0,100,79
55525.0,100,63
49540.0,100,86
48960.0,100,87
38866.5,100,7
34516.666666666664,100,1
27012.5,100,90
20360.1,100,57
20809.090909090908,100,6
42740.0,100,96
20920.1,100,13
18972.727272727272,100,73
17408.25,100,5
18016.666666666668,100,10
23633.333333333332,100,40
19736.454545454544,100,63
15007.142857142857,100,5
11976.470588235294,100,2
13573.333333333334,100,32
16315.384615384615,100,96
11461.111111111111,100,33
7396.392857142857,100,71
12147.058823529413,100,39
11085.0,100,61
9719.095238095239,100,94
9904.809523809523,100,60
10810.526315789473,100,64
9600.0,100,77
9200.04347826087,100,20
9880.952380952382,100,87
10244.95,100,79
9318.136363636364,100,71
10642.105263157895,100,83
7507.407407407408,100,25
9690.42857142857,100,32
10300.0,111,78
7540.777777777777,111,69
1904.7169811320755,111,53
3809.4528301886794,111,9
4883.333333333333,111,19
2943.463768115942,111,79
4179.591836734694,111,105
5491.918918918919,111,106
4463.04347826087,111,50
3886.519230769231,111,3
4050.0,111,11
4019.627450980392,111,59
3610.714285714286,111,7
4540.0,111,90
4071.98,111,23
6014.705882352941,111,108
4098.02,111,81
4353.191489361702,111,39
4065.98,111,38
5253.846153846154,111,77
3660.018181818182,111,94
9738.095238095239,111,73
7328.571428571428,111,19
3970.5882352941176,111,39
3619.660714285714,111,3
4488.888888888889,111,39
4295.765957446809,111,71
4700.023255813953,111,107
4965.8536585365855,111,103
4260.416666666667,111,74
7081.818181818182,111,3
4643.181818181818,111,49
4513.355555555556,111,18
4423.913043478261,111,49
4520.0,111,57
4391.326086956522,111,96
3633.9285714285716,111,11
4683.7441860465115,111,101
4861.9047619047615,111,80
3692.7454545454543,111,8
6050.0,124,88
5315.789473684211,124,54
7830.7307692307695,124,51
5521.621621621622,124,65
4634.090909090909,124,5
5456.756756756757,124,79
5586.8421052631575,124,106
5666.666666666667,124,103
5669.472222222223,124,99
5602.777777777777,124,88
5258.948717948718,124,53
4378.239130434783,124,31
9413.636363636364,124,62
8483.375,124,31
6368.71875,124,53
5941.14705882353,124,113
5450.0,124,6
6519.354838709677,124,14
6226.441176470588,124,106
9091.260869565218,124,93
11211.166666666666,124,124
10289.95,124,18
9619.047619047618,124,72
8921.739130434782,124,40
11047.368421052632,124,116
10615.0,124,67
9313.636363636364,124,7
6359.40625,124,28
9368.181818181818,124,93
10905.21052631579,124,120
9513.636363636364,124,43
9857.142857142857,124,13
9254.5,124,4
9619.095238095239,124,20
8756.521739130434,124,13
12382.35294117647,124,90
6600.0,124,39
5922.857142857143,124,35
5223.076923076923,124,33
4943.90243902439,124,93
5932.35294117647,138,19
5389.473684210527,138,71
5194.871794871795,138,87
5760.0,138,131
5264.128205128205,138,5
5758.333333333333,138,109
6716.666666666667,138,52
6583.8387096774195,138,135
5808.571428571428,138,106
5297.368421052632,138,8
5037.5,138,23
5110.0,138,4
4693.023255813953,138,13
5562.135135135135,138,106
5454.054054054054,138,65
5246.153846153846,138,72
7113.793103448276,138,35
4380.413043478261,138,99
5459.4324324324325,138,85
6334.375,138,134
5310.526315789473,138,82
5535.108108108108,138,104
5276.923076923077,138,26
4909.731707317073,138,1
5641.666666666667,138,32
6290.59375,138,138
5851.428571428572,138,125
5407.894736842105,138,42
5107.475,138,106
4990.243902439024,138,47
5342.131578947368,138,85
5713.888888888889,138,122
6061.764705882353,138,46
9472.727272727272,138,23
5605.527777777777,138,76
5217.948717948718,138,21
5166.666666666667,138,7
5349.973684210527,138,28
7278.571428571428,138,45
4748.860465116279,138,38
6151.515151515152,154,108
6846.666666666667,154,123
5976.470588235294,154,84
5000.024390243902,154,13
6793.366666666667,154,149
6596.774193548387,154,117
6406.25,154,131
6178.757575757576,154,87
6760.0,154,130
5791.428571428572,154,57
6733.366666666667,154,106
6163.606060606061,154,28
8191.96,154,94
5926.441176470588,154,6
5822.857142857143,154,18
5988.264705882353,154,108
6315.59375,154,6
5935.294117647059,154,127
5791.428571428572,154,18
4919.512195121952,154,13
5923.5,154,49
5697.194444444444,154,23
131288.88888888888,154,9
4564.422222222222,154,43
4441.326086956522,154,114
4792.857142857143,154,21
5702.777777777777,154,89
5529.72972972973,154,60
6175.787878787879,154,142
4155.102040816327,154,3
4620.454545454545,154,136
4402.173913043478,154,14
4317.021276595745,154,14
4212.5,154,121
4684.090909090909,154,74
5274.384615384615,154,41
6139.393939393939,154,66
5055.025,154,9
4517.777777777777,154,46
4456.521739130435,154,85
5207.666666666667,172,129
5636.111111111111,172,156
5040.025,172,71
4546.666666666667,172,34
3653.5714285714284,172,17
4847.619047619048,172,16
4395.673913043478,172,1
5092.5,172,73
5521.621621621622,172,140
4391.304347826087,172,23
4355.31914893617,172,27
4540.0,172,49
4252.083333333333,172,24
5137.5,172,135
4965.8536585365855,172,153
4890.476190476191,172,32
4948.780487804878,172,60
5171.7692307692305,172,114
4241.6875,172,2
5187.179487179487,172,97
5363.131578947368,172,66
5594.472222222223,172,141
5708.305555555556,172,142
5075.0,172,93
5042.5,172,128
5543.243243243243,172,166
5212.820512820513,172,71
4985.390243902439,172,61
5938.205882352941,172,168
4880.976190476191,172,90
5874.285714285715,172,78
4491.0888888888885,172,20
5355.263157894737,172,110
5264.076923076923,172,39
5274.384615384615,172,63
4237.479166666667,172,28
4826.190476190476,172,130
5017.09756097561,172,130
5147.475,172,139
5112.5,172,148
12405.882352941177,192,131
12017.64705882353,192,55
12282.29411764706,192,184
5045.0,192,164
5724.972222222223,192,104
5616.666666666667,192,119
5982.382352941177,192,65
5543.243243243243,192,34
6020.588235294118,192,110
6816.666666666667,192,169
5120.0,192,23
6603.225806451613,192,172
5307.894736842105,192,7
5944.117647058823,192,59
5950.0,192,110
11400.0,192,153
10963.157894736842,192,128
12041.176470588236,192,170
10647.368421052632,192,14
7842.307692307692,192,5
5700.0,192,121
5192.307692307692,192,20
5644.444444444444,192,100
5842.857142857143,192,59
5630.555555555556,192,143
5486.486486486487,192,121
5633.333333333333,192,180
5771.428571428572,192,125
5220.51282051282,192,26
5321.0526315789475,192,19
5949.970588235294,192,109
6103.030303030303,192,115
4774.441860465116,192,18
5397.3421052631575,192,15
5976.441176470588,192,85
6506.451612903225,192,173
5513.513513513513,192,13
5777.114285714286,192,39
5638.888888888889,192,35
5797.142857142857,192,87
13580.0,214,116
15021.42857142857,214,213
12843.6875,214,120
11444.388888888889,214,52
11288.833333333334,214,54
6979.310344827586,214,29
7640.740740740741,214,181
6820.0,214,168
6443.75,214,120
7926.961538461538,214,96
2869.0,214,103
7013.793103448276,214,186
7321.428571428572,214,202
6403.125,214,69
6124.242424242424,214,87
6353.125,214,91
6616.129032258064,214,75
6635.5161290322585,214,203
5754.285714285715,214,39
6799.966666666666,214,162
7618.518518518518,214,183
7555.555555555556,214,102
6088.235294117647,214,87
6496.806451612903,214,176
6680.612903225807,214,145
7051.724137931034,214,196
6723.3,214,79
6726.666666666667,214,147
7020.6551724137935,214,77
6829.966666666666,214,136
7158.620689655172,214,168
6638.709677419355,214,135
6190.909090909091,214,187
6680.645161290323,214,189
6783.333333333333,214,191
6756.666666666667,214,123
6337.46875,214,62
6315.625,214,160
6067.64705882353,214,107
7003.413793103448,214,17
17866.666666666668,239,121
16949.916666666668,239,86
19054.454545454544,239,172
18590.909090909092,239,172
14492.92857142857,239,32
17816.666666666668,239,165
17491.666666666668,239,145
17641.75,239,83
18336.363636363636,239,175
17883.333333333332,239,217
14407.142857142857,239,94
10189.95,239,63
9295.454545454546,239,14
8595.833333333334,239,41
9771.380952380952,239,20
10104.95,239,175
9861.904761904761,239,136
9590.47619047619,239,185
8591.666666666666,239,2
9504.59090909091,239,60
8666.666666666666,239,16
18654.545454545456,239,196
16315.384615384615,239,61
17183.333333333332,239,148
15646.153846153846,239,29
17350.0,239,78
16975.083333333332,239,220
17308.25,239,215
18166.666666666668,239,199
17225.0,239,60
19009.090909090908,239,232
17750.0,239,223
14800.0,239,181
10270.0,239,235
9680.904761904761,239,174
9254.545454545454,239,206
9336.363636363636,239,107
10878.894736842105,239,168
9923.857142857143,239,158
9060.869565217392,239,78
10752.631578947368,267,205
10420.0,267,61
9614.285714285714,267,149
11538.888888888889,267,227
9814.238095238095,267,36
9642.857142857143,267,36
10165.05,267,72
10721.0,267,92
10370.05,267,239
10763.157894736842,267,206
10873.684210526315,267,80
10349.95,267,5
12035.35294117647,267,250
9804.714285714286,267,157
9436.40909090909,267,148
9454.545454545454,267,13
10235.0,267,169
10215.0,267,105
10285.0,267,119
11188.888888888889,267,123
9600.047619047618,267,151
10495.0,267,83
12235.29411764706,267,48
10405.0,267,171
10205.0,267,201
9828.57142857143,267,199
11216.666666666666,267,129
9738.095238095239,267,150
11277.777777777777,267,162
10773.684210526315,267,108
9680.952380952382,267,141
7934.615384615385,267,161
9619.047619047618,267,141
9422.727272727272,267,155
9254.545454545454,267,6
10435.0,267,49
11477.777777777777,267,225
10910.526315789473,267,255
10340.0,267,167
13725.0,267,193
21450.0,298,207
17500.0,298,78
17433.333333333332,298,132
11266.666666666666,298,261
10636.842105263158,298,122
11405.555555555555,298,28
10731.578947368422,298,175
10094.95,298,45
10710.473684210527,298,114
11042.052631578947,298,133
10968.421052631578,298,63
10884.21052631579,298,248
10810.578947368422,298,44
10215.0,298,56
11405.555555555555,298,71
11611.166666666666,298,245
11199.944444444445,298,123
11472.222222222223,298,284
10926.263157894737,298,110
10642.052631578947,298,132
10768.421052631578,298,176
11080.0,298,156
11211.055555555555,298,156
10410.0,298,275
11450.0,298,255
10530.0,298,13
11566.666666666666,298,256
10400.0,298,6
10014.285714285714,298,105
11964.64705882353,298,256
9368.181818181818,298,106
10345.0,298,290
9752.42857142857,298,280
10265.0,298,170
10621.105263157895,298,237
11952.941176470587,298,219
10800.052631578947,298,64
9761.904761904761,298,39
9752.42857142857,298,16
10439.95,298,238
21310.0,332,299
12194.058823529413,332,288
10110.0,332,102
10170.05,332,120
9719.047619047618,332,105
11882.35294117647,332,241
10395.05,332,247
10165.0,332,84
10475.05,332,212
10225.0,332,211
10973.684210526315,332,287
9842.904761904761,332,60
3641.0714285714284,332,163
11244.444444444445,332,200
10636.78947368421,332,150
10605.263157894737,332,189
10250.0,332,29
12129.411764705883,332,312
10926.263157894737,332,318
10984.21052631579,332,279
11466.666666666666,332,284
11115.736842105263,332,312
19590.909090909092,332,238
15715.384615384615,332,18
19181.81818181818,332,246
17508.333333333332,332,75
18854.454545454544,332,85
18718.18181818182,332,42
20610.0,332,280
17300.0,332,11
17549.916666666668,332,57
18436.272727272728,332,290
20400.0,332,66
17416.583333333332,332,94
16983.416666666668,332,86
17591.666666666668,332,36
19490.909090909092,332,149
16900.0,332,2
17866.666666666668,332,190
21190.0,332,239
25950.0,371,260
24644.444444444445,371,172
23244.444444444445,371,127
28525.0,371,331
29462.375,371,233
26362.625,371,256
16849.916666666668,371,331
14514.285714285714,371,253
14557.214285714286,371,132
13613.333333333334,371,109
16200.0,371,344
15171.42857142857,371,292
14900.0,371,82
14864.214285714286,371,264
13480.0,371,30
16061.538461538461,371,214
14514.285714285714,371,70
6450.0,371,183
14635.642857142857,371,184
6309.090909090909,371,183
13566.6,371,2
15646.076923076924,371,344
15823.076923076924,371,167
15823.076923076924,371,312
13799.933333333332,371,157
12825.0,371,51
13673.333333333334,371,98
15171.42857142857,371,215
13466.6,371,17
17208.333333333332,371,321
14742.857142857143,371,178
14542.785714285714,371,33
15669.23076923077,371,218
14542.785714285714,371,105
14928.5,371,320
15014.285714285714,371,288
13666.6,371,157
14750.0,371,145
12906.25,371,106
15738.461538461539,371,308
31785.714285714286,414,219
30328.571428571428,414,326
28900.0,414,381
27400.0,414,67
27762.625,414,365
26325.0,414,206
29900.14285714286,414,101
20130.0,414,148
16415.46153846154,414,189
15653.846153846154,414,255
17533.333333333332,414,163
16833.25,414,165
15723.076923076924,414,183
17566.666666666668,414,336
14657.07142857143,414,35
14942.92857142857,414,382
16292.307692307691,414,304
14835.714285714286,414,168
15753.846153846154,414,74
16038.461538461539,414,111
17200.0,414,326
15164.285714285714,414,1
15523.076923076924,414,196
17125.0,414,385
17658.333333333332,414,402
18809.090909090908,414,325
16900.0,414,285
16238.461538461539,414,320
15121.42857142857,414,367
22911.11111111111,414,230
16253.846153846154,414,220
16330.76923076923,414,289
16400.0,414,189
15135.714285714286,414,96
14585.642857142857,414,226
15530.846153846154,414,54
15738.384615384615,414,132
17383.416666666668,414,316
16130.692307692309,414,255
14935.785714285714,414,116
18772.727272727272,461,250
18518.272727272728,461,86
17841.666666666668,461,185
18041.666666666668,461,60
17750.0,461,136
17733.25,461,260
21660.0,461,162
29114.285714285714,461,77
28262.5,461,221
26912.5,461,289
25925.0,461,414
18718.18181818182,461,103
17566.666666666668,461,20
16238.461538461539,461,1
17616.666666666668,461,173
19027.18181818182,461,70
20320.0,461,379
17408.333333333332,461,158
19563.727272727272,461,240
19154.636363636364,461,380
18527.272727272728,461,195
18681.81818181818,461,250
18681.727272727272,461,42
19072.727272727272,461,300
17066.666666666668,461,264
18509.090909090908,461,378
23455.666666666668,461,322
31471.571428571428,461,150
16833.333333333332,461,10
16791.75,461,143
18799.909090909092,461,169
19318.18181818182,461,289
17491.666666666668,461,325
17375.0,461,89
18954.545454545456,461,388
18827.272727272728,461,34
17658.25,461,144
17591.666666666668,461,209
17758.333333333332,461,240
18536.363636363636,461,37
21830.0,515,398
20920.0,515,157
21580.0,515,479
19309.090909090908,515,382
20850.0,515,407
24089.0,515,473
22833.222222222223,515,251
19354.545454545456,515,71
21270.1,515,53
21210.0,515,106
31014.285714285714,515,321
20740.0,515,104
20780.0,515,22
20330.0,515,394
21240.1,515,105
22944.444444444445,515,277
20850.1,515,329
19372.727272727272,515,315
23133.333333333332,515,449
20199.9,515,170
20980.1,515,132
22400.0,515,295
19572.727272727272,515,138
21470.1,515,402
21420.0,515,467
21060.1,515,225
20960.0,515,477
25162.375,515,64
21499.9,515,201
21220.0,515,416
21129.9,515,159
20260.0,515,168
21340.1,515,355
20480.0,515,296
20460.0,515,392
20530.0,515,167
21860.0,515,481
21230.0,515,27
18818.18181818182,515,385
20830.0,515,277
25787.625,574,302
24122.333333333332,574,552
21370.0,574,33
23289.0,574,549
22422.11111111111,574,134
23366.666666666668,574,333
33528.57142857143,574,380
36883.333333333336,574,296
26387.625,574,466
24566.666666666668,574,487
25200.0,574,460
24511.11111111111,574,459
23311.0,574,103
23511.222222222223,574,210
23677.88888888889,574,224
24222.222222222223,574,300
22533.333333333332,574,40
23933.333333333332,574,407
23255.444444444445,574,500
24244.333333333332,574,488
25737.625,574,538
21610.0,574,60
19245.363636363636,574,19
25637.5,574,453
21220.0,574,20
23766.666666666668,574,388
24189.0,574,334
23588.88888888889,574,360
23533.222222222223,574,317
25300.0,574,230
22799.88888888889,574,61
26062.5,574,571
21280.0,574,246
26237.625,574,134
24044.555555555555,574,291
24533.222222222223,574,436
26787.5,574,434
26174.875,574,169
26150.0,574,537
24766.777777777777,574,449
29428.571428571428,641,94
27037.5,641,570
26162.5,641,511
27250.0,641,64
27812.625,641,361
26262.375,641,256
27175.0,641,337
28985.714285714286,641,437
34150.0,641,523
27537.5,641,612
30342.714285714286,641,164
30700.0,641,494
33633.333333333336,641,424
29914.285714285714,641,358
34816.666666666664,641,420
25550.0,641,176
27437.5,641,210
27362.5,641,12
28137.375,641,366
27800.0,641,444
30314.285714285714,641,350
30157.14285714286,641,577
30428.714285714286,641,296
27712.5,641,132
29857.0,641,579
29957.14285714286,641,177
28871.428571428572,641,367
27450.0,641,596
30800.14285714286,641,576
29928.714285714286,641,341
29214.285714285714,641,295
27150.0,641,419
29185.714285714286,641,467
29685.714285714286,641,524
26762.625,641,163
29200.0,641,585
27950.0,641,470
29628.571428571428,641,328
29300.14285714286,641,454
29228.428571428572,641,261
35483.5,715,519
31357.14285714286,715,651
30885.714285714286,715,293
31771.428571428572,715,247
30214.14285714286,715,527
33733.333333333336,715,397
33916.666666666664,715,610
35066.5,715,526
31271.428571428572,715,682
32757.14285714286,715,651
36950.0,715,566
32128.714285714286,715,536
34033.333333333336,715,62
34116.666666666664,715,429
31543.0,715,221
31385.714285714286,715,446
31942.85714285714,715,161
30971.571428571428,715,294
32471.285714285714,715,142
32271.428571428572,715,69
35100.166666666664,715,521
30428.714285714286,715,100
31057.285714285714,715,285
31471.285714285714,715,371
31285.714285714286,715,154
31785.85714285714,715,312
31171.428571428572,715,614
32314.285714285714,715,269
33716.666666666664,715,359
32657.14285714286,715,566
32728.571428571428,715,120
31643.0,715,475
30842.85714285714,715,198
31928.571428571428,715,643
33583.166666666664,715,152
31300.0,715,586
33583.333333333336,715,354
31685.714285714286,715,624
33800.0,715,387
29257.14285714286,715,477
36566.833333333336,797,775
32899.857142857145,797,504
36116.666666666664,797,191
35283.166666666664,797,199
36233.166666666664,797,238
36683.166666666664,797,308
37233.333333333336,797,638
35433.333333333336,797,680
36500.0,797,457
36000.0,797,252
35766.666666666664,797,305
35916.5,797,739
36666.666666666664,797,312
37533.333333333336,797,157
37016.666666666664,797,469
35183.5,797,125
36850.0,797,77
35766.5,797,644
35416.666666666664,797,227
35616.666666666664,797,78
35466.666666666664,797,719
37166.833333333336,797,219
36783.5,797,364
41680.0,797,300
36350.0,797,688
36133.166666666664,797,341
37066.666666666664,797,18
36066.833333333336,797,1
37233.333333333336,797,264
36083.333333333336,797,131
36316.666666666664,797,383
36549.833333333336,797,454
44580.0,797,679
35600.0,797,651
39483.333333333336,797,468
35416.666666666664,797,600
35766.666666666664,797,101
35400.0,797,426
36650.0,797,534
34800.0,797,714
43140.0,889,242
39383.333333333336,889,705
42240.0,889,20
38916.833333333336,889,27
37750.0,889,808
35366.5,889,601
40880.0,889,375
41360.2,889,599
39433.166666666664,889,621
38800.0,889,467
42200.2,889,490
42200.2,889,317
40960.0,889,838
39100.0,889,697
40960.0,889,860
37683.166666666664,889,38
42300.2,889,56
41800.0,889,340
38650.0,889,612
42980.0,889,103
38616.666666666664,889,887
42740.0,889,10
41660.0,889,744
40820.0,889,256
40680.0,889,251
43120.0,889,5
42120.0,889,132
39116.666666666664,889,345
40400.0,889,748
40359.8,889,69
40360.0,889,449
44439.8,889,67
40580.0,889,382
38333.333333333336,889,758
39150.0,889,147
40740.0,889,241
40399.8,889,318
43159.8,889,347
41000.0,889,674
40920.0,889,715
44360.0,992,813
41400.0,992,694
44780.0,992,799
40860.0,992,743
45980.0,992,7
46640.0,992,89
44540.0,992,952
45180.0,992,483
45799.8,992,274
44360.0,992,908
42520.0,992,720
45560.0,992,560
42400.2,992,114
45380.0,992,218
45060.0,992,354
43439.8,992,688
46340.0,992,800
45580.0,992,535
45980.0,992,498
45160.0,992,631
43220.0,992,767
39433.333333333336,992,727
41980.2,992,219
43739.8,992,970
43160.0,992,415
43060.2,992,858
41480.0,992,668
42520.0,992,804
45079.8,992,236
44260.0,992,932
44520.2,992,347
43119.8,992,340
42860.0,992,786
44060.0,992,393
45579.8,992,275
45460.0,992,259
43859.8,992,880
44139.8,992,677
42860.0,992,703
44900.0,992,498
52925.0,1107,23
51724.75,1107,504
48720.0,1107,953
53074.75,1107,632
48000.0,1107,699
54175.25,1107,65
51875.0,1107,648
48759.8,1107,1049
47820.0,1107,441
46480.0,1107,856
47259.8,1107,727
44860.0,1107,799
57325.0,1107,750
48620.2,1107,541
54275.0,1107,668
53000.0,1107,279
53575.0,1107,378
54000.0,1107,47
47100.0,1107,974
47240.0,1107,1032
52675.0,1107,5
48599.8,1107,1091
48180.0,1107,535
49380.0,1107,748
54675.25,1107,79
50525.0,1107,810
50900.0,1107,700
48540.0,1107,705
48840.0,1107,957
52950.0,1107,47
51275.0,1107,304
50700.0,1107,781
52950.0,1107,28
51025.0,1107,550
48040.2,1107,286
53050.0,1107,119
54075.0,1107,260
51550.0,1107,664
50500.0,1107,1088
52875.0,1107,659
88900.0,1235,580
92899.66666666667,1235,306
87433.66666666667,1235,1132
89766.66666666667,1235,512
108900.0,1235,8
92966.66666666667,1235,541
90133.0,1235,966
86267.0,1235,1230
100850.0,1235,675
86066.66666666667,1235,914
105500.0,1235,287
103450.5,1235,260
87633.33333333333,1235,821
88300.0,1235,729
93499.66666666667,1235,1041
93033.33333333333,1235,371
87100.0,1235,1184
88933.0,1235,563
103550.5,1235,378
92733.33333333333,1235,555
91566.66666666667,1235,1216
103300.0,1235,752
103150.0,1235,681
105450.0,1235,179
89200.0,1235,404
104949.5,1235,55
95299.66666666667,1235,500
92133.66666666667,1235,637
104350.0,1235,150
93133.0,1235,1025
94833.66666666667,1235,530
101400.0,1235,137
88866.66666666667,1235,560
89766.66666666667,1235,1163
104500.0,1235,622
93766.66666666667,1235,902
87400.0,1235,1214
88366.66666666667,1235,849
102550.0,1235,15
89033.33333333333,1235,1205
106150.0,1377,1110
104100.0,1377,647
104650.5,1377,571
110450.0,1377,141
101100.0,1377,1054
105549.5,1377,1108
106249.5,1377,356
111450.5,1377,471
110249.5,1377,732
111949.5,1377,767
115100.5,1377,84
104550.0,1377,942
101800.0,1377,918
96533.66666666667,1377,1336
112650.0,1377,733
106250.0,1377,646
114000.0,1377,749
119400.0,1377,842
101999.5,1377,608
104800.5,1377,730
99533.33333333333,1377,1302
95533.33333333333,1377,1348
106449.5,1377,808
102600.5,1377,1058
112250.0,1377,119
104350.0,1377,449
108750.0,1377,259
119750.0,1377,80
105250.0,1377,549
114500.0,1377,66
102950.0,1377,1125
91400.33333333333,1377,1365
114500.0,1377,304
116850.5,1377,780
106749.5,1377,1018
108100.0,1377,460
107150.5,1377,347
112400.5,1377,144
107450.5,1377,403
111250.0,1377,158
123749.5,1536,47
126900.5,1536,180
128950.0,1536,226
115800.5,1536,668
110699.5,1536,1082
113250.5,1536,1019
103499.5,1536,1408
115250.5,1536,970
120900.0,1536,553
110649.5,1536,1253
111750.0,1536,1057
120950.5,1536,395
105850.0,1536,1032
117049.5,1536,604
129850.0,1536,212
107200.0,1536,705
101750.5,1536,1427
109550.0,1536,978
119600.0,1536,753
127200.0,1536,248
122450.0,1536,401
111650.0,1536,1167
124549.5,1536,772
126350.5,1536,780
117900.0,1536,714
120749.5,1536,554
82400.33333333333,1536,850
72700.0,1536,487
68499.66666666667,1536,678
76366.66666666667,1536,1043
81600.33333333333,1536,777
69300.0,1536,1384
71500.33333333333,1536,1379
80600.33333333333,1536,76
72933.33333333333,1536,1031
67766.66666666667,1536,1376
67433.0,1536,1522
77066.66666666667,1536,824
108100.5,1536,839
73900.0,1536,1206
80833.33333333333,1714,1495
81433.66666666667,1714,515
208900.0,1714,107
84900.0,1714,388
134800.0,1714,214
76066.66666666667,1714,1540
83500.33333333333,1714,238
87000.33333333333,1714,649
101199.5,1714,40
77299.66666666667,1714,1628
79166.66666666667,1714,1697
78166.33333333333,1714,442
82033.33333333333,1714,233
77233.66666666667,1714,1608
84666.66666666667,1714,1148
82900.0,1714,438
76299.66666666667,1714,1241
84100.0,1714,850
85233.0,1714,1040
88466.66666666667,1714,93
88600.33333333333,1714,312
88400.0,1714,983
86700.0,1714,828
85567.0,1714,49
77066.66666666667,1714,1590
78900.0,1714,1377
78400.0,1714,1106
84400.0,1714,483
84400.33333333333,1714,380
83400.0,1714,913
89733.33333333333,1714,880
82433.66666666667,1714,338
75766.66666666667,1714,1181
105033.33333333333,1714,1710
88000.33333333333,1714,199
76300.33333333333,1714,1046
80566.66666666667,1714,736
84133.33333333333,1714,1220
73967.0,1714,1504
84633.33333333333,1714,881
85966.66666666667,1912,1211
101600.0,1912,415
94800.0,1912,1091
83933.66666666667,1912,1856
93166.66666666667,1912,1074
85600.0,1912,1794
84833.33333333333,1912,1403
102850.5,1912,997
94533.33333333333,1912,1032
82033.33333333333,1912,1894
88366.66666666667,1912,942
101500.0,1912,369
80666.66666666667,1912,1854
88000.0,1912,1313
152450.5,1912,606
157200.5,1912,1105
150500.0,1912,688
153800.0,1912,354
148350.5,1912,939
143300.5,1912,813
126450.0,1912,1822
88866.33333333333,1912,1402
91833.33333333333,1912,1474
101400.0,1912,974
102900.0,1912,195
88400.0,1912,1219
86967.0,1912,1467
88066.66666666667,1912,1402
85900.0,1912,1208
91766.66666666667,1912,781
101200.0,1912,854
89633.66666666667,1912,1442
105650.0,1912,84
86833.33333333333,1912,1240
82933.0,1912,1761
87866.66666666667,1912,1549
105050.0,1912,251
90633.66666666667,1912,1292
103600.5,1912,609
94733.33333333333,1912,542
103650.5,2133,1041
102250.0,2133,1794
102949.5,2133,1739
93566.66666666667,2133,1862
99700.33333333333,2133,947
104649.5,2133,1663
97600.0,2133,1957
104650.5,2133,1510
121099.5,2133,169
104450.5,2133,985
92000.0,2133,1710
121350.0,2133,989
102950.0,2133,851
85633.33333333333,2133,1282
115550.0,2133,1102
110349.5,2133,1698
109600.0,2133,239
114500.0,2133,1111
93666.66666666667,2133,2033
126049.5,2133,100
110200.0,2133,750
104699.5,2133,1774
108350.0,2133,951
107300.5,2133,1387
109800.0,2133,681
101150.0,2133,1500
94200.0,2133,1061
125000.0,2133,240
114149.5,2133,515
111900.0,2133,740
105400.5,2133,1767
125049.5,2133,1308
109600.0,2133,450
95433.33333333333,2133,1654
121150.0,2133,480
116099.5,2133,49
115750.0,2133,401
116400.0,2133,41
118000.5,2133,254
108150.0,2133,372
119800.5,2379,812
112300.0,2379,1145
114750.0,2379,1741
109500.0,2379,2319
107250.0,2379,1120
115300.0,2379,927
107600.0,2379,2146
118999.5,2379,174
125550.0,2379,418
125100.0,2379,1276
115900.0,2379,929
122400.5,2379,524
121000.0,2379,227
112400.0,2379,1578
128599.5,2379,101
121650.0,2379,783
113450.0,2379,1890
129850.0,2379,96
122600.0,2379,1412
116550.0,2379,1802
120799.5,2379,1213
109150.0,2379,1744
111800.0,2379,1643
115600.0,2379,1959
127299.5,2379,221
119149.5,2379,785
116249.5,2379,1194
112100.0,2379,1889
112799.5,2379,1970
111300.5,2379,1641
117400.0,2379,923
112949.5,2379,1590
120950.0,2379,852
114250.0,2379,1903
122899.5,2379,505
108900.5,2379,1177
119400.0,2379,617
119149.5,2379,612
129900.0,2379,287
102300.0,2379,1167
135350.0,2654,398
130350.0,2654,941
124900.0,2654,2088
124750.5,2654,2164
139100.5,2654,493
144600.0,2654,1451
136149.5,2654,726
124100.0,2654,2373
129450.0,2654,1062
125800.0,2654,1252
129000.0,2654,1025
140750.5,2654,346
126250.0,2654,1844
131600.5,2654,2342
145000.0,2654,129
136350.5,2654,1437
126700.0,2654,1785
140700.5,2654,1398
137050.5,2654,139
127500.0,2654,2018
142750.0,2654,540
140100.0,2654,1398
125300.5,2654,2235
137600.0,2654,354
115600.0,2654,2036
135750.0,2654,1348
127999.5,2654,1199
136200.0,2654,1126
139450.0,2654,948
125350.5,2654,2062
143000.5,2654,588
135100.0,2654,936
132550.0,2654,899
130800.0,2654,647
148600.5,2654,73
127150.0,2654,1069
126950.0,2654,1164
125200.0,2654,2122
139050.0,2654,1487
141250.5,2654,265
148150.0,2960,1301
144450.0,2960,2133
157949.5,2960,663
140749.5,2960,2143
153250.0,2960,1089
157250.0,2960,959
163350.0,2960,199
157650.0,2960,51
149650.0,2960,1461
142649.5,2960,1340
144700.0,2960,999
164899.5,2960,553
139600.0,2960,2288
154250.0,2960,970
145500.5,2960,1217
145800.0,2960,2246
150299.5,2960,771
152399.5,2960,921
122599.5,2960,2197
165400.0,2960,209
136200.0,2960,2871
132900.0,2960,2661
143100.5,2960,1300
152100.0,2960,1680
140600.0,2960,2839
138249.5,2960,2774
139750.0,2960,1269
151300.0,2960,508
157400.0,2960,50
150549.5,2960,477
141250.0,2960,1272
128500.0,2960,2920
144850.0,2960,1277
141149.5,2960,1111
155950.0,2960,300
136900.0,2960,2087
140900.5,2960,1984
145700.5,2960,1537
133650.0,2960,1845
146700.5,2960,1225
149699.5,3302,2429
171550.0,3302,443
155150.0,3302,1522
167400.0,3302,462
171950.0,3302,310
203999.0,3302,286
157850.0,3302,2534
167800.5,3302,594
163900.5,3302,1468
161600.5,3302,1092
151700.0,3302,2423
148950.0,3302,3168
152900.0,3302,3220
160050.0,3302,1225
158850.0,3302,2665
202200.0,3302,150
170600.5,3302,532
164900.5,3302,1044
182999.5,3302,1905
160949.5,3302,2636
148799.5,3302,2271
202399.0,3302,387
156450.0,3302,1585
168600.0,3302,1937
151000.0,3302,2378
167600.0,3302,1184
162950.5,3302,1428
154500.5,3302,2604
169250.0,3302,657
158450.0,3302,2699
152500.0,3302,2440
157500.0,3302,3165
151449.5,3302,2600
172200.5,3302,860
158550.0,3302,2618
207201.0,3302,229
164000.5,3302,1206
170300.5,3302,671
151350.0,3302,2821
171000.0,3302,882
172900.0,3684,2461
176750.0,3684,2459
213800.0,3684,1120
178100.5,3684,2357
226500.0,3684,795
163850.5,3684,3577
183849.5,3684,2844
189950.0,3684,2126
170100.0,3684,3312
208499.0,3684,1391
1721600.0,3684,3163
153350.0,3684,1564
148600.0,3684,2924
149700.0,3684,2843
147350.0,3684,1753
273100.0,3684,1984
225901.0,3684,853
150000.0,3684,2585
160800.0,3684,2003
143049.5,3684,3531
156100.5,3684,797
153350.5,3684,1307
158100.5,3684,636
166350.5,3684,35
149550.0,3684,2268
160899.5,3684,236
163650.0,3684,265
144799.5,3684,2802
138750.0,3684,3651
137700.0,3684,2486
160150.5,3684,1343
139100.5,3684,3417
154600.0,3684,1152
164200.5,3684,1012
144649.5,3684,1568
145200.0,3684,3016
143550.0,3684,3569
135600.0,3684,3594
156400.5,3684,1135
160200.0,3684,761
210549.5,4109,3296
176950.0,4109,1460
206800.0,4109,866
214800.0,4109,318
174050.0,4109,1545
171600.0,4109,940
161899.5,4109,2952
168399.5,4109,1714
174600.0,4109,1633
157299.5,4109,3602
206100.0,4109,842
184299.5,4109,2153
173650.0,4109,1457
160400.0,4109,3789
211700.0,4109,747
176550.0,4109,2092
203301.0,4109,1090
236400.0,4109,2108
163049.5,4109,2837
184450.0,4109,2145
212100.0,4109,914
167700.0,4109,3224
216100.0,4109,478
181299.5,4109,2314
211300.0,4109,693
173250.0,4109,2106
165999.5,4109,2870
156900.0,4109,2577
166400.0,4109,2809
157399.5,4109,1523
209600.0,4109,829
168350.0,4109,3098
160450.0,4109,2680
205100.0,4109,1039
186050.5,4109,2078
159700.0,4109,3785
158050.5,4109,3683
164650.5,4109,2913
237000.0,4109,2979
248300.0,4109,1517
300799.0,4584,859
306000.0,4584,59
288101.0,4584,1207
268600.0,4584,2179
233901.0,4584,2705
208999.0,4584,2483
222899.0,4584,1360
237800.0,4584,315
178350.5,4584,3325
235700.0,4584,490
190000.0,4584,3674
233601.0,4584,1492
181749.5,4584,3355
186950.0,4584,3029
182300.5,4584,3803
231500.0,4584,701
240200.0,4584,178
209900.0,4584,1910
182149.5,4584,3274
202700.0,4584,2746
161899.5,4584,4401
222101.0,4584,1321
193750.0,4584,3275
175099.5,4584,2853
243801.0,4584,306
236100.0,4584,725
220100.0,4584,1694
187200.0,4584,3633
178800.5,4584,4070
240199.0,4584,92
177449.5,4584,4095
216800.0,4584,1614
172400.5,4584,4128
227300.0,4584,1064
242501.0,4584,352
184949.5,4584,3893
248300.0,4584,20
205950.0,4584,2748
184949.5,4584,3427
213400.0,4584,2129
274401.0,5113,143
196649.5,5113,4829
235501.0,5113,2606
221000.0,5113,3330
275000.0,5113,85
250699.0,5113,1609
209300.0,5113,3789
216800.0,5113,3413
257399.0,5113,1018
256100.0,5113,1415
229201.0,5113,2467
244600.0,5113,1240
274899.0,5113,570
193449.5,5113,5045
251101.0,5113,1629
202700.0,5113,4497
263500.0,5113,439
275200.0,5113,84
230700.0,5113,2732
236200.0,5113,1775
237100.0,5113,2286
261100.0,5113,620
234300.0,5113,2587
249199.0,5113,1819
256600.0,5113,1008
247000.0,5113,1494
200849.5,5113,4073
241101.0,5113,2084
266499.0,5113,337
233800.0,5113,2523
217399.0,5113,3399
242800.0,5113,1450
266599.0,5113,697
262999.0,5113,1098
205700.0,5113,4081
201500.0,5113,4538
206400.0,5113,4525
243600.0,5113,2083
219200.0,5113,3445
211399.0,5113,3597
260599.0,5704,5408
309099.0,5704,2060
358100.0,5704,20
291401.0,5704,2879
260301.0,5704,5078
344500.0,5704,374
300599.0,5704,1214
215200.0,5704,5308
268199.0,5704,2447
242400.0,5704,4305
254000.0,5704,2833
246400.0,5704,3378
237100.0,5704,4810
231899.0,5704,4828
281700.0,5704,1416
224900.0,5704,5194
296700.0,5704,385
293900.0,5704,546
255799.0,5704,3326
242800.0,5704,3875
286800.0,5704,1443
291399.0,5704,916
281399.0,5704,1773
236100.0,5704,4657
245399.0,5704,3900
248500.0,5704,3209
283600.0,5704,1429
270699.0,5704,2450
247499.0,5704,3339
262899.0,5704,2465
284300.0,5704,708
297799.0,5704,517
239700.0,5704,4378
257301.0,5704,2924
284900.0,5704,855
274501.0,5704,2615
290800.0,5704,1068
248800.0,5704,2680
220300.5,5704,4300
207900.0,5704,5583
312300.0,6362,1649
307300.0,6362,1752
246900.0,6362,5904
276399.0,6362,4236
297501.0,6362,3136
253600.0,6362,5649
288000.0,6362,3282
341800.0,6362,210
344501.0,6362,229
271300.0,6362,4544
277000.0,6362,3957
296699.0,6362,2762
263399.0,6362,4445
269701.0,6362,4706
293999.0,6362,2810
291899.0,6362,2703
293200.0,6362,3109
230200.0,6362,6358
271900.0,6362,3889
287100.0,6362,3227
264501.0,6362,4744
326199.0,6362,976
317200.0,6362,1002
338600.0,6362,246
337700.0,6362,283
265000.0,6362,4719
235000.0,6362,6217
280099.0,6362,3352
269801.0,6362,4242
323900.0,6362,434
331300.0,6362,758
253000.0,6362,5489
267800.0,6362,4571
326100.0,6362,1042
312400.0,6362,2202
275100.0,6362,3785
321800.0,6362,1018
275300.0,6362,4468
360400.0,6362,44
316300.0,6362,1552
305201.0,7097,4810
308099.0,7097,4779
274201.0,7097,5852
377499.0,7097,166
268500.0,7097,6802
334999.0,7097,2600
275700.0,7097,5945
302200.0,7097,4907
350799.0,7097,1628
271600.0,7097,6253
353001.0,7097,1558
321300.0,7097,4040
357700.0,7097,1488
380200.0,7097,170
353800.0,7097,1018
322500.0,7097,3436
320600.0,7097,4402
324199.0,7097,2820
322900.0,7097,3261
356000.0,7097,1183
349099.0,7097,1373
349500.0,7097,1762
347200.0,7097,2204
333501.0,7097,2664
350400.0,7097,1547
298900.0,7097,4807
296901.0,7097,5683
302500.0,7097,4583
309900.0,7097,4069
364701.0,7097,621
314399.0,7097,3588
375799.0,7097,445
363599.0,7097,815
283699.0,7097,6449
308100.0,7097,5094
318000.0,7097,3517
301199.0,7097,4946
372399.0,7097,233
265800.0,7097,6841
314500.0,7097,3082
315799.0,7917,6601
348401.0,7917,4796
304701.0,7917,7375
418800.0,7917,815
399500.0,7917,1193
418100.0,7917,291
310599.0,7917,7017
366900.0,7917,3825
297300.0,7917,7846
342200.0,7917,4709
330700.0,7917,5711
418500.0,7917,650
349300.0,7917,5116
333700.0,7917,5339
304299.0,7917,7256
407801.0,7917,1166
369699.0,7917,3398
323200.0,7917,6495
412001.0,7917,647
412600.0,7917,841
368600.0,7917,3309
336300.0,7917,5199
385299.0,7917,2444
397901.0,7917,872
355701.0,7917,3695
372100.0,7917,2880
363200.0,7917,3294
397800.0,7917,1973
398599.0,7917,1236
364100.0,7917,4030
369500.0,7917,3750
362301.0,7917,4331
414600.0,7917,591
372800.0,7917,2825
407999.0,7917,730
309900.0,7917,6377
421899.0,7917,358
420700.0,7917,52
374901.0,7917,2158
374400.0,7917,2714
349099.0,8831,7712
357500.0,8831,7678
449300.0,8831,1063
400300.0,8831,4401
361200.0,8831,6380
349300.0,8831,8414
328700.0,8831,8629
356101.0,8831,7111
380100.0,8831,5561
462900.0,8831,482
463801.0,8831,496
354200.0,8831,6714
429600.0,8831,2322
382700.0,8831,5219
450200.0,8831,999
397200.0,8831,4430
419300.0,8831,2877
470799.0,8831,497
469900.0,8831,221
456601.0,8831,554
408000.0,8831,3682
426600.0,8831,3436
454300.0,8831,994
415601.0,8831,2913
325699.0,8831,8723
412201.0,8831,3736
327800.0,8831,8457
347000.0,8831,7583
390699.0,8831,5015
429601.0,8831,2235
442700.0,8831,1947
356700.0,8831,7724
339100.0,8831,8372
384200.0,8831,5685
385401.0,8831,5646
458700.0,8831,795
322601.0,8831,8805
438900.0,8831,1874
417000.0,8831,3505
352000.0,8831,7453
490000.0,9851,2038
402299.0,9851,8675
401400.0,9851,8056
416500.0,9851,6867
472399.0,9851,3063
471600.0,9851,3409
404199.0,9851,7051
421001.0,9851,7011
408100.0,9851,7394
427801.0,9851,5879
454400.0,9851,4408
497900.0,9851,2370
410201.0,9851,7606
440300.0,9851,5676
506999.0,9851,1149
407200.0,9851,7346
417199.0,9851,6859
420500.0,9851,6486
455100.0,9851,4159
398501.0,9851,8348
397500.0,9851,8479
430000.0,9851,6915
372100.0,9851,8897
397100.0,9851,7757
374700.0,9851,9640
427900.0,9851,5861
468899.0,9851,3767
496500.0,9851,1701
431700.0,9851,5859
359600.0,9851,9725
425299.0,9851,5906
489500.0,9851,2307
433900.0,9851,6206
450200.0,9851,4601
404601.0,9851,7289
440099.0,9851,4426
439800.0,9851,5057
380200.0,9851,9674
531000.0,9851,32
390399.0,9851,8749
601900.0,10989,326
460300.0,10989,7883
527199.0,10989,3047
427900.0,10989,10125
425700.0,10989,9696
520600.0,10989,4982
517100.0,10989,3949
391901.0,10989,10834
432201.0,10989,9824
445400.0,10989,9055
503501.0,10989,5065
540199.0,10989,1905
510801.0,10989,3866
577600.0,10989,256
541300.0,10989,2231
415999.0,10989,10923
539099.0,10989,2305
430100.0,10989,9911
438100.0,10989,9026
460600.0,10989,8067
564201.0,10989,1416
526700.0,10989,3335
538499.0,10989,2513
530100.0,10989,2963
542000.0,10989,2511
456700.0,10989,8809
539200.0,10989,3618
562299.0,10989,1253
516300.0,10989,5283
433100.0,10989,9125
544400.0,10989,3008
547700.0,10989,1337
445000.0,10989,8647
547799.0,10989,2121
417000.0,10989,10918
533300.0,10989,4120
512699.0,10989,3823
431900.0,10989,9689
508801.0,10989,5282
569500.0,10989,593
636500.0,12258,318
608701.0,12258,3064
548500.0,12258,7570
471699.0,12258,10890
624201.0,12258,2079
650900.0,12258,20
514100.0,12258,7946
544401.0,12258,7326
559300.0,12258,8005
511199.0,12258,8839
481200.0,12258,10750
635699.0,12258,352
558799.0,12258,5418
610400.0,12258,1866
615999.0,12258,1838
498400.0,12258,9098
571600.0,12258,4667
623000.0,12258,2122
472500.0,12258,11538
459299.0,12258,11447
496000.0,12258,10573
620600.0,12258,2119
516400.0,12258,8386
576900.0,12258,5007
572700.0,12258,4401
504900.0,12258,10038
522501.0,12258,8239
644900.0,12258,293
615600.0,12258,2402
658200.0,12258,54
548400.0,12258,5886
635099.0,12258,417
599600.0,12258,3135
627000.0,12258,898
620599.0,12258,1657
480200.0,12258,9698
557800.0,12258,5347
566499.0,12258,5328
558300.0,12258,5311
579701.0,12258,4089
673800.0,13673,9602
689500.0,13673,4921
588400.0,13673,11292
688000.0,13673,5548
601699.0,13673,8285
618000.0,13673,6870
688700.0,13673,2423
577300.0,13673,9929
615899.0,13673,7022
586900.0,13673,9854
736900.0,13673,464
594400.0,13673,7159
559401.0,13673,11418
570200.0,13673,10147
505100.0,13673,13369
679701.0,13673,2868
559301.0,13673,10320
625400.0,13673,6803
681301.0,13673,3046
558899.0,13673,12898
639700.0,13673,5611
648100.0,13673,4636
560000.0,13673,11757
541400.0,13673,11801
672500.0,13673,3487
591301.0,13673,7867
596400.0,13673,9497
521400.0,13673,13017
585900.0,13673,10066
636100.0,13673,6982
546300.0,13673,11531
651201.0,13673,4649
592400.0,13673,9053
619800.0,13673,6693
720001.0,13673,2763
699801.0,13673,3645
697400.0,13673,1718
609401.0,13673,7459
687800.0,13673,2334
605500.0,13673,8732
682200.0,15253,8640
783801.0,15253,1526
754199.0,15253,3209
669499.0,15253,8534
767799.0,15253,1685
731900.0,15253,4795
761499.0,15253,3107
583000.0,15253,13782
646300.0,15253,11501
780700.0,15253,1032
911401.0,15253,4741
665901.0,15253,10375
650800.0,15253,10798
644501.0,15253,10533
764400.0,15253,2721
670099.0,15253,8914
624900.0,15253,13065
750800.0,15253,3223
759399.0,15253,3611
782099.0,15253,430
692699.0,15253,7958
729800.0,15253,4617
759200.0,15253,3607
672400.0,15253,9675
573700.0,15253,15164
573200.0,15253,14311
630800.0,15253,12236
613599.0,15253,13200
739800.0,15253,3182
795799.0,15253,1277
594800.0,15253,13738
782200.0,15253,1600
616599.0,15253,12644
672299.0,15253,8443
755000.0,15253,3135
566201.0,15253,13133
759899.0,15253,3342
670001.0,15253,8649
726600.0,15253,4882
665300.0,15253,9315
792200.0,17014,7261
815500.0,17014,4961
752900.0,17014,8603
857200.0,17014,1987
819400.0,17014,4621
845901.0,17014,2584
942300.0,17014,15917
839299.0,17014,4547
797100.0,17014,5936
890900.0,17014,782
785899.0,17014,7596
834499.0,17014,2121
855600.0,17014,2405
856699.0,17014,2596
684500.0,17014,12644
769001.0,17014,8779
878600.0,17014,1791
856700.0,17014,1938
761899.0,17014,9566
783800.0,17014,7389
809301.0,17014,6161
675799.0,17014,14873
815600.0,17014,4846
762800.0,17014,8087
675600.0,17014,13844
737800.0,17014,11498
785500.0,17014,7389
890700.0,17014,1060
858699.0,17014,2634
876100.0,17014,1321
671600.0,17014,14910
795601.0,17014,6685
885600.0,17014,531
833300.0,17014,3429
726300.0,17014,10123
792801.0,17014,6134
659000.0,17014,16118
902500.0,17014,1866
673199.0,17014,14964
821501.0,17014,5052
712500.0,18979,17852
739800.0,18979,17412
948000.0,18979,3053
964600.0,18979,1801
834900.0,18979,11075
889501.0,18979,6925
842501.0,18979,9865
992401.0,18979,31
2258500.0,18979,7984
924499.0,18979,4597
937400.0,18979,5329
731499.0,18979,17658
732601.0,18979,17229
868200.0,18979,9163
834800.0,18979,10922
972099.0,18979,1917
750701.0,18979,17225
840500.0,18979,11341
885200.0,18979,8044
903901.0,18979,6096
851500.0,18979,9799
919099.0,18979,5485
779100.0,18979,14901
961900.0,18979,1775
848100.0,18979,12083
749100.0,18979,16020
746100.0,18979,18132
1005100.0,18979,220
822999.0,18979,10775
753300.0,18979,16795
896799.0,18979,5721
937900.0,18979,4540
960501.0,18979,2698
728100.0,18979,18506
981101.0,18979,1885
823400.0,18979,11036
964300.0,18979,2454
778700.0,18979,15880
921799.0,18979,7194
984100.0,18979,1448
1068699.0,21171,2530
885801.0,21171,16557
1087500.0,21171,2155
880501.0,21171,15816
1073700.0,21171,1465
1070800.0,21171,3550
849200.0,21171,18551
1033900.0,21171,5123
1102300.0,21171,817
868099.0,21171,18327
910301.0,21171,14568
914699.0,21171,16438
821700.0,21171,18872
879699.0,21171,15470
1011200.0,21171,6654
929700.0,21171,11049
1108300.0,21171,33
919399.0,21171,13836
1056699.0,21171,3096
882800.0,21171,15895
1063000.0,21171,2836
820700.0,21171,19625
834000.0,21171,20030
1026000.0,21171,6665
1068900.0,21171,3553
1086900.0,21171,2713
1088400.0,21171,1966
904700.0,21171,14818
794401.0,21171,20664
847700.0,21171,17950
849500.0,21171,17154
848301.0,21171,17011
1080099.0,21171,3506
884900.0,21171,18874
927800.0,21171,11523
907001.0,21171,14756
1010900.0,21171,13140
1222199.0,21171,19489
1311700.0,21171,16386
1360900.0,21171,1609
904599.0,23616,21205
977200.0,23616,17554
1029299.0,23616,13248
1120699.0,23616,9462
1128399.0,23616,7045
1112701.0,23616,9806
1228800.0,23616,1353
1438900.0,23616,17002
1669800.0,23616,1004
989100.0,23616,21428
969600.0,23616,19196
1019999.0,23616,15794
1138500.0,23616,18273
1164999.0,23616,8555
1828001.0,23616,1061
1626000.0,23616,8906
1552900.0,23616,13456
1784200.0,23616,999
1555400.0,23616,12332
1212000.0,23616,2503
1195800.0,23616,3191
2234500.0,23616,4393
1188099.0,23616,8811
1057100.0,23616,12024
1130200.0,23616,7302
909900.0,23616,23032
969000.0,23616,22590
1165600.0,23616,4282
1110901.0,23616,8209
1001800.0,23616,18703
1187499.0,23616,3499
1148701.0,23616,6875
1011000.0,23616,16240
1161300.0,23616,4394
977501.0,23616,19060
969700.0,23616,17375
928000.0,23616,20726
902000.0,23616,22177
1023300.0,23616,15256
1104900.0,23616,10180
1320400.0,26343,3432
1104100.0,26343,21608
1636500.0,26343,22441
1569601.0,26343,24108
1846000.0,26343,9637
1605300.0,26343,21805
1394600.0,26343,373
1353800.0,26343,2069
1240100.0,26343,9039
1361699.0,26343,925
1175601.0,26343,14590
1014501.0,26343,22176
1144500.0,26343,16905
1303400.0,26343,6355
987700.0,26343,23935
1095000.0,26343,21707
1140699.0,26343,17661
1053900.0,26343,22739
1017199.0,26343,22352
1248899.0,26343,24497
1083001.0,26343,20804
1118900.0,26343,18689
1563500.0,26343,3627
1361300.0,26343,984
1555100.0,26343,3984
1228101.0,26343,12911
1185799.0,26343,13540
1144500.0,26343,17609
1186699.0,26343,13824
980699.0,26343,26082
1274400.0,26343,7292
1217100.0,26343,11441
1332200.0,26343,2802
1207700.0,26343,11736
1130699.0,26343,17377
1198700.0,26343,12694
1340700.0,26343,3094
1280400.0,26343,6425
1286901.0,26343,4972
1223400.0,26343,10930
1431600.0,29386,5849
1391800.0,29386,9068
1303499.0,29386,15794
1518900.0,29386,369
1157800.0,29386,29325
1434199.0,29386,8157
1454300.0,29386,4645
1527500.0,29386,1702
1294100.0,29386,18585
1136700.0,29386,28513
1249300.0,29386,19651
1250000.0,29386,20040
1308301.0,29386,14688
1082701.0,29386,28641
1416601.0,29386,8314
1524501.0,29386,860
1120201.0,29386,28079
1296100.0,29386,18230
1245800.0,29386,19699
1264000.0,29386,18123
1509201.0,29386,1361
1260201.0,29386,20727
1158099.0,29386,25790
1418500.0,29386,10035
1412900.0,29386,9744
1165700.0,29386,24450
1249400.0,29386,20961
1312499.0,29386,14108
1160700.0,29386,25939
1425800.0,29386,5721
1406500.0,29386,8726
1213400.0,29386,20669
1635600.0,29386,15144
1540200.0,29386,7923
1204000.0,29386,22357
1294900.0,29386,16542
1094600.0,29386,28737
1149900.0,29386,26272
1269500.0,29386,17790
1278001.0,29386,17480
1401000.0,32780,22503
1640100.0,32780,5007
1655699.0,32780,2576
1243901.0,32780,32481
1460299.0,32780,19374
1426300.0,32780,20256
1459701.0,32780,17602
1412701.0,32780,19530
1385500.0,32780,22830
1537700.0,32780,13344
1374000.0,32780,23200
1420200.0,32780,19319
1307400.0,32780,28834
1437999.0,32780,18394
1361300.0,32780,25324
1630900.0,32780,4374
1544100.0,32780,11463
1316200.0,32780,29008
1540700.0,32780,11998
1466300.0,32780,16602
1578699.0,32780,9341
1617501.0,32780,6171
1398600.0,32780,22722
1547400.0,32780,11799
1570700.0,32780,10628
1259899.0,32780,30756
1439300.0,32780,20863
1458700.0,32780,18777
1239800.0,32780,30584
1460800.0,32780,16285
1533000.0,32780,13184
1522200.0,32780,14634
1568499.0,32780,10409
1516501.0,32780,14986
1369300.0,32780,22893
1575601.0,32780,7940
3362800.0,32780,11177
1485601.0,32780,15483
1297500.0,32780,29302
1372599.0,32780,22772
1401600.0,36565,31035
1766901.0,36565,10365
1875900.0,36565,3113
1477800.0,36565,30852
1685500.0,36565,16932
1502400.0,36565,28582
1820400.0,36565,6921
1641800.0,36565,19561
1722100.0,36565,17651
1691200.0,36565,17353
1844000.0,36565,4168
1612800.0,36565,20402
1426701.0,36565,33548
1561300.0,36565,22288
1748199.0,36565,10821
1648301.0,36565,17410
1684299.0,36565,16452
1597300.0,36565,22625
1432699.0,36565,33412
1773100.0,36565,10593
1667800.0,36565,17278
1879899.0,36565,1518
1719099.0,36565,11561
1755801.0,36565,11163
1893800.0,36565,1622
1826800.0,36565,6101
1782500.0,36565,8404
1529100.0,36565,26684
1592401.0,36565,21862
1504700.0,36565,28549
1429700.0,36565,35192
1847001.0,36565,5699
1385600.0,36565,33606
1402800.0,36565,34128
1619100.0,36565,20200
1855800.0,36565,6699
1623201.0,36565,21218
1862799.0,36565,4535
1521701.0,36565,31212
1885000.0,36565,3907
2074200.0,40788,4773
1954500.0,40788,12816
1807299.0,40788,23696
1697900.0,40788,30645
1910700.0,40788,16625
1956601.0,40788,15986
1786600.0,40788,28853
1981400.0,40788,10703
1887200.0,40788,20498
1660601.0,40788,34497
1994600.0,40788,12265
2038500.0,40788,10055
2010900.0,40788,7865
2120299.0,40788,3898
1929001.0,40788,16636
1803200.0,40788,23612
1965901.0,40788,15634
1639200.0,40788,34235
1954001.0,40788,16290
1850100.0,40788,20397
1953799.0,40788,11285
1977800.0,40788,11886
1832100.0,40788,21014
2129499.0,40788,2328
1899101.0,40788,16996
1523000.0,40788,38808
1949200.0,40788,7075
1644901.0,40788,32659
1768000.0,40788,24297
1523000.0,40788,39612
1486900.0,40788,39165
1674800.0,40788,29476
1981000.0,40788,12231
1527900.0,40788,40047
1920200.0,40788,13696
1999701.0,40788,5839
2008900.0,40788,4828
1946000.0,40788,11875
1653700.0,40788,40102
1793200.0,40788,24526
2303499.0,45499,2260
2215700.0,45499,6315
2309099.0,45499,6293
1763599.0,45499,37532
2277001.0,45499,6580
2013200.0,45499,20470
1870701.0,45499,35574
1919001.0,45499,30758
2068800.0,45499,18122
1875699.0,45499,32463
2155101.0,45499,18801
2026299.0,45499,20523
1972699.0,45499,25553
2078300.0,45499,16632
2245400.0,45499,5895
1919800.0,45499,30091
2041400.0,45499,25161
2376500.0,45499,1772
1750500.0,45499,41540
1696900.0,45499,40792
1982400.0,45499,28880
2001699.0,45499,29150
2009500.0,45499,21007
2339300.0,45499,4052
1830399.0,45499,40326
2118000.0,45499,16060
2312999.0,45499,2541
2044500.0,45499,25271
2108299.0,45499,17867
1717801.0,45499,42594
1836099.0,45499,37739
2345100.0,45499,3476
2164100.0,45499,13818
2234600.0,45499,7114
1621400.0,45499,45400
1952600.0,45499,26974
1980400.0,45499,28450
2233401.0,45499,13649
2200100.0,45499,6891
2265201.0,45499,6063
1889201.0,50753,50132
2265701.0,50753,28163
2258800.0,50753,28113
1881000.0,50753,49397
2259401.0,50753,26743
2134500.0,50753,36247
2417200.0,50753,20578
2557899.0,50753,1712
2423100.0,50753,23591
2574200.0,50753,6053
2245101.0,50753,27068
2356500.0,50753,17975
2658801.0,50753,652
2465300.0,50753,14408
4734599.0,50753,16524
2232300.0,50753,27433
2189401.0,50753,29435
2577501.0,50753,1467
2321001.0,50753,18343
2504200.0,50753,9456
2330899.0,50753,19861
2430100.0,50753,11278
1906400.0,50753,47493
2262201.0,50753,29562
1762900.0,50753,50690
2477800.0,50753,14992
2490601.0,50753,13331
2146800.0,50753,38168
2032200.0,50753,46259
2136600.0,50753,35823
2209099.0,50753,32069
2331100.0,50753,21136
2091100.0,50753,34696
2045201.0,50753,42267
2242399.0,50753,24034
2457800.0,50753,9858
2084400.0,50753,31060
2187400.0,50753,30397
2226800.0,50753,26225
2146300.0,50753,35151
2623000.0,56615,23521
2520100.0,56615,29108
2112799.0,56615,53891
2202400.0,56615,51039
2752899.0,56615,12757
2863401.0,56615,7464
2699100.0,56615,12597
2148301.0,56615,46573
2586700.0,56615,18630
1977299.0,56615,56306
2783101.0,56615,13888
2521200.0,56615,26242
2398600.0,56615,40400
2192801.0,56615,47342
2613101.0,56615,18492
2300600.0,56615,43510
2856800.0,56615,4642
2652701.0,56615,15642
2005501.0,56615,56293
2527101.0,56615,27197
2696001.0,56615,16011
2139800.0,56615,53056
2101600.0,56615,56472
2641300.0,56615,19930
2695599.0,56615,12320
2302500.0,56615,46849
2199600.0,56615,53680
2768800.0,56615,8428
2566001.0,56615,24232
2591600.0,56615,18871
2963700.0,56615,1454
2808599.0,56615,19332
2779101.0,56615,6716
2894899.0,56615,7571
2706400.0,56615,11267
2486800.0,56615,32226
2834100.0,56615,23263
2859400.0,56615,4641
2364000.0,56615,41918
2392199.0,56615,34609
3228900.0,63153,3467
3104400.0,63153,10083
2703200.0,63153,39532
2606300.0,63153,45624
3027401.0,63153,14744
3237899.0,63153,4414
2957699.0,63153,19369
3198401.0,63153,3413
3141401.0,63153,7836
2581800.0,63153,52116
2503800.0,63153,47572
3115299.0,63153,9031
2963400.0,63153,20266
2720501.0,63153,31376
2371700.0,63153,62638
3158299.0,63153,7353
2700400.0,63153,40811
3098100.0,63153,5096
2748701.0,63153,41750
2458601.0,63153,56205
2518100.0,63153,52339
2962799.0,63153,18791
3094500.0,63153,15155
2749300.0,63153,39895
3145199.0,63153,10130
2749801.0,63153,40042
2485699.0,63153,51118
2364400.0,63153,62005
2653100.0,63153,48040
2667000.0,63153,37622
2702500.0,63153,37554
2304001.0,63153,60159
2871099.0,63153,21349
2807400.0,63153,43548
2934400.0,63153,22797
2596401.0,63153,40567
5322999.0,63153,15584
2463600.0,63153,56881
3188999.0,63153,3515
3039899.0,63153,14365
3195800.0,70446,29600
3308300.0,70446,25881
3443300.0,70446,13316
3358900.0,70446,18409
3536100.0,70446,3867
2578800.0,70446,65466
3169701.0,70446,31317
3375499.0,70446,15291
2913901.0,70446,57480
2919401.0,70446,56752
2716300.0,70446,65147
3045901.0,70446,41855
3084300.0,70446,37545
2796101.0,70446,61633
3418600.0,70446,14738
2793900.0,70446,62759
3599200.0,70446,593
3231500.0,70446,30095
3522700.0,70446,6737
2977500.0,70446,48663
3051700.0,70446,44645
3715900.0,70446,3768
3417801.0,70446,17416
3225800.0,70446,30746
3150800.0,70446,33101
2937100.0,70446,50366
3331100.0,70446,21166
2859401.0,70446,56968
3493600.0,70446,7729
3212101.0,70446,31633
3345400.0,70446,19965
3201800.0,70446,26469
3330099.0,70446,22296
3077700.0,70446,38074
3178601.0,70446,28889
2943300.0,70446,47460
2754699.0,70446,57492
3264000.0,70446,27133
2850601.0,70446,63483
3339001.0,70446,22416
3856500.0,78582,11130
3236100.0,78582,59133
3479399.0,78582,41222
3233001.0,78582,56498
3725699.0,78582,20598
4190100.0,78582,4868
3484600.0,78582,42135
3889000.0,78582,7609
3842100.0,78582,28324
3317600.0,78582,48275
3532000.0,78582,41455
3754300.0,78582,15715
3167699.0,78582,77552
3562600.0,78582,39389
3148300.0,78582,64461
3890301.0,78582,8030
3803701.0,78582,19912
3048200.0,78582,70674
3322600.0,78582,56547
3803300.0,78582,22111
3961700.0,78582,4978
3851000.0,78582,8880
3317000.0,78582,56041
3065200.0,78582,75334
3361600.0,78582,44621
3863499.0,78582,9620
3298800.0,78582,54984
3689499.0,78582,24365
2960401.0,78582,69848
3512200.0,78582,33959
3835701.0,78582,13942
3342200.0,78582,45549
3711999.0,78582,23266
3518000.0,78582,38854
6080100.0,78582,27918
3994300.0,78582,1569
3759301.0,78582,16136
4062601.0,78582,1219
3926101.0,78582,6323
3357700.0,78582,50780
4006201.0,87657,37526
4024301.0,87657,30890
3767100.0,87657,44213
3298900.0,87657,73601
3769000.0,87657,63400
4180999.0,87657,17688
3744099.0,87657,62996
3953600.0,87657,46406
3992701.0,87657,36657
3730700.0,87657,59419
4292500.0,87657,27410
3659901.0,87657,61120
4271599.0,87657,12609
3394400.0,87657,81351
3588600.0,87657,63248
4184200.0,87657,23109
3781299.0,87657,50137
3160000.0,87657,86804
3935600.0,87657,45441
3592601.0,87657,67221
3741800.0,87657,63391
4334200.0,87657,7646
4334100.0,87657,14656
3900600.0,87657,44382
3506501.0,87657,76460
4030099.0,87657,34597
3314701.0,87657,84428
3472500.0,87657,73976
3976799.0,87657,38586
4181499.0,87657,18968
3660600.0,87657,64488
4385700.0,87657,6198
4255800.0,87657,13702
3865500.0,87657,48640
3510300.0,87657,73569
3794299.0,87657,52005
4075299.0,87657,36939
3935100.0,87657,40552
3840600.0,87657,50984
4173100.0,87657,21309
3669400.0,97780,86128
4431800.0,97780,45770
4002999.0,97780,75153
4647401.0,97780,37167
4427600.0,97780,43314
4327900.0,97780,52755
4365000.0,97780,50536
4443200.0,97780,41018
4112800.0,97780,71663
3884601.0,97780,86617
4985900.0,97780,1117
3554199.0,97780,97635
4420900.0,97780,51081
4210500.0,97780,63980
4607800.0,97780,33985
3807500.0,97780,91134
4854000.0,97780,10651
4490300.0,97780,35624
4228001.0,97780,62559
3487499.0,97780,97259
6620900.0,97780,67809
4935499.0,97780,7717
3889799.0,97780,85950
4690800.0,97780,79083
4270001.0,97780,50236
4981401.0,97780,5200
4116400.0,97780,69971
4372300.0,97780,51548
4786100.0,97780,16792
4108501.0,97780,62583
4128699.0,97780,72676
3939701.0,97780,91036
4674899.0,97780,23952
4246600.0,97780,59425
4525599.0,97780,36266
4853200.0,97780,9116
4532499.0,97780,35639
4070600.0,97780,68179
4009199.0,97780,76309
4047700.0,97780,66511
5628899.0,109073,2018
5540700.0,109073,874
4769901.0,109073,62221
5166100.0,109073,33735
5365300.0,109073,16126
4947000.0,109073,49092
4860700.0,109073,54200
4324101.0,109073,100767
5801600.0,109073,4045
5578901.0,109073,1476
4731099.0,109073,72889
4092600.0,109073,107320
4234100.0,109073,106737
4673800.0,109073,74508
5296799.0,109073,28064
5230400.0,109073,25771
5452599.0,109073,12943
4606099.0,109073,69991
4747999.0,109073,59889
5142301.0,109073,46485
5177400.0,109073,33445
5015900.0,109073,47500
4415700.0,109073,95539
5542900.0,109073,3953
4837100.0,109073,53661
5167200.0,109073,23917
5417999.0,109073,18347
4799799.0,109073,67618
4730200.0,109073,70286
5546600.0,109073,940
4991299.0,109073,46379
4969300.0,109073,50307
4714201.0,109073,71505
4680100.0,109073,77924
4408700.0,109073,91065
7548600.0,109073,22677
4281001.0,109073,98711
4937600.0,109073,47581
5300200.0,109073,20509
5308401.0,109073,16327
5399200.0,121669,74480
6298400.0,121669,17307
5785900.0,121669,25257
5741600.0,121669,34553
6083701.0,121669,10355
4859800.0,121669,99150
5828299.0,121669,31728
6153200.0,121669,2737
5776800.0,121669,26560
5785000.0,121669,40875
5570499.0,121669,56400
5441901.0,121669,71082
5653101.0,121669,54910
5174099.0,121669,98165
5698201.0,121669,49468
5284000.0,121669,77259
5913700.0,121669,37348
6009001.0,121669,30425
6003801.0,121669,32702
5512299.0,121669,64213
5593600.0,121669,58875
5779400.0,121669,45856
5422600.0,121669,79151
5473300.0,121669,77185
4685101.0,121669,113235
6205500.0,121669,13675
5529000.0,121669,69346
4998401.0,121669,103327
5461300.0,121669,73967
4655301.0,121669,117331
5102400.0,121669,88061
6277800.0,121669,10333
5529500.0,121669,61301
5782700.0,121669,50866
4840101.0,121669,116515
5487200.0,121669,66062
6095200.0,121669,20299
4970800.0,121669,103925
5599700.0,121669,56696
5624001.0,121669,56249
6194000.0,135720,77632
6338501.0,135720,55928
8506200.0,135720,63261
5904201.0,135720,100385
6276100.0,135720,58252
6407600.0,135720,51777
6710999.0,135720,25281
5294400.0,135720,133518
6469500.0,135720,51427
7072299.0,135720,2614
6559501.0,135720,46136
7097300.0,135720,3463
7227401.0,135720,3714
6271500.0,135720,59423
6036200.0,135720,83365
6241501.0,135720,71136
6845500.0,135720,17852
5937600.0,135720,104222
6778099.0,135720,17100
6542199.0,135720,42810
5765999.0,135720,101276
5990600.0,135720,84371
6553800.0,135720,43094
6649501.0,135720,31711
6398400.0,135720,47102
5309300.0,135720,130546
5660099.0,135720,106774
6972101.0,135720,1688
5642500.0,135720,116405
5337801.0,135720,121558
5685700.0,135720,102741
5712800.0,135720,98901
5874700.0,135720,97347
6675099.0,135720,33819
5842599.0,135720,98485
6051101.0,135720,79384
6341999.0,135720,50373
6133101.0,135720,62859
6376201.0,135720,45179
6196100.0,135720,67871
7545100.0,151394,35377
5916200.0,151394,139477
7175299.0,151394,53714
6629500.0,151394,101338
7085000.0,151394,65407
9060601.0,151394,97851
7860600.0,151394,5443
6852600.0,151394,73692
7217500.0,151394,59374
6442399.0,151394,118836
5760599.0,151394,125761
5906700.0,151394,147783
7618099.0,151394,31368
6447400.0,151394,115885
6045601.0,151394,149307
6476400.0,151394,116188
7014000.0,151394,79357
7612501.0,151394,36475
6145001.0,151394,143077
7777101.0,151394,20053
7207399.0,151394,44365
6281099.0,151394,125298
6187000.0,151394,126902
7299101.0,151394,50629
6703201.0,151394,81637
6490900.0,151394,101166
7772999.0,151394,2380
6379699.0,151394,112424
7082200.0,151394,65515
7269499.0,151394,44685
7628900.0,151394,15077
6782700.0,151394,75811
6172500.0,151394,128377
6607801.0,151394,103621
7426300.0,151394,35334
6720899.0,151394,89956
7139500.0,151394,54949
6385200.0,151394,112622
6280700.0,151394,127328
5874200.0,151394,140452
6958000.0,168878,128097
7821800.0,168878,86747
6869299.0,168878,155046
6783100.0,168878,152482
8356301.0,168878,25674
9737601.0,168878,70630
7983600.0,168878,44283
6490400.0,168878,159410
7567501.0,168878,86144
8174900.0,168878,32293
7420500.0,168878,93021
8435999.0,168878,12089
7245600.0,168878,108207
6376000.0,168878,163571
6444000.0,168878,160047
8454200.0,168878,28152
7858600.0,168878,57763
1.8188301E7,168878,68850
1.1992E7,168878,32884
8235000.0,168878,166281
9945899.0,168878,35729
7905300.0,168878,80725
8821700.0,168878,11866
8253700.0,168878,64391
7668400.0,168878,125523
9047400.0,168878,12126
6812801.0,168878,163864
6988000.0,168878,136040
7028900.0,168878,154920
8574000.0,168878,29301
8113400.0,168878,66910
9118600.0,168878,6144
7935800.0,168878,74171
8732799.0,168878,19512
8292100.0,168878,42199
7419201.0,168878,115953
8564800.0,168878,28489
7526400.0,168878,115434
8037499.0,168878,72923
9458601.0,168878,145622
8019799.0,188382,138753
9763001.0,188382,18879
9730799.0,188382,19299
9750700.0,188382,30861
9027500.0,188382,74966
9253100.0,188382,53902
9964001.0,188382,7343
8477400.0,188382,127021
8394801.0,188382,120840
9285800.0,188382,58790
8052201.0,188382,170624
9835801.0,188382,15872
1.00384E7,188382,2464
7883901.0,188382,167315
8987300.0,188382,91571
8181200.0,188382,127657
7947300.0,188382,171672
7922400.0,188382,155340
9973099.0,188382,3351
8148800.0,188382,150463
8757599.0,188382,99210
9855600.0,188382,13056
9744300.0,188382,15585
9439399.0,188382,44762
8671400.0,188382,75828
8092400.0,188382,99470
7885601.0,188382,117269
8116999.0,188382,101968
7552900.0,188382,112426
8556300.0,188382,53835
9615600.0,188382,152523
8611901.0,188382,48051
8675800.0,188382,50830
7725200.0,188382,167047
7725500.0,188382,147226
7893401.0,188382,97151
9086000.0,188382,261
8032901.0,188382,91033
8556300.0,188382,62782
7276200.0,188382,147632
1.0101501E7,210137,20447
1.07231E7,210137,6496
9502500.0,210137,105101
9362000.0,210137,130101
9298499.0,210137,137278
1.05893E7,210137,26066
9687401.0,210137,94153
1.03173E7,210137,43630
9163700.0,210137,174590
1.0561299E7,210137,45254
9821200.0,210137,84350
7868300.0,210137,210093
1.29073E7,210137,56271
1.03502E7,210137,60800
8552999.0,210137,191747
1.0706401E7,210137,23301
9689400.0,210137,102145
9895100.0,210137,87648
1.13518E7,210137,116984
1.01621E7,210137,49864
1.03461E7,210137,14063
9769900.0,210137,43153
8986599.0,210137,111293
9102400.0,210137,77823
9659000.0,210137,52526
1.0008901E7,210137,20382
9142001.0,210137,101625
9169300.0,210137,77514
9060600.0,210137,93636
9838001.0,210137,35148
1.00287E7,210137,38522
1.0032099E7,210137,40404
9728300.0,210137,36051
8619000.0,210137,124530
8244400.0,210137,165734
8380100.0,210137,162046
9508000.0,210137,84672
9491699.0,210137,59609
8919399.0,210137,105708
9095100.0,210137,83632
9374100.0,234405,178599
8614600.0,234405,210924
1.00501E7,234405,115284
8977200.0,234405,210940
1.04207E7,234405,70307
1.36336E7,234405,66192
8969500.0,234405,204819
1.1244901E7,234405,99071
1.07031E7,234405,56436
9540599.0,234405,152293
9941299.0,234405,120593
1.0255701E7,234405,101083
1.0581999E7,234405,70530
9685100.0,234405,140462
1.1048799E7,234405,65063
9817800.0,234405,148282
1.09459E7,234405,65151
1.0212099E7,234405,87644
1.03021E7,234405,106157
9332799.0,234405,171180
1.09772E7,234405,28370
1.08667E7,234405,37876
8969100.0,234405,201947
1.05014E7,234405,72428
1.04979E7,234405,93174
1.1372E7,234405,6513
1.11919E7,234405,27378
1.1083999E7,234405,24063
1.05955E7,234405,67470
1.01516E7,234405,216136
9614100.0,234405,151989
9864800.0,234405,145370
1.09576E7,234405,55801
9781700.0,234405,134499
1.14091E7,234405,15492
9003100.0,234405,211601
9368101.0,234405,230058
1.04541E7,234405,75481
1.1061901E7,234405,27149
1.0439101E7,234405,77815
1.12769E7,261476,138419
1.1631299E7,261476,72494
9583000.0,261476,255741
1.00122E7,261476,230118
1.09071E7,261476,164255
1.0668E7,261476,181358
9737700.0,261476,243757
1.16606E7,261476,89582
1.05194E7,261476,170458
1.0135099E7,261476,205657
1.03234E7,261476,205352
1.12665E7,261476,104789
1.09157E7,261476,162856
1.13076E7,261476,118795
1.17576E7,261476,181054
1.21298E7,261476,38752
1.2378701E7,261476,27137
1.0770499E7,261476,172189
1.10046E7,261476,154396
1.0231301E7,261476,201587
9677800.0,261476,245102
1.22392E7,261476,27588
1.1887499E7,261476,67735
9768000.0,261476,210192
1.04975E7,261476,175200
1.25318E7,261476,24096
1.0776101E7,261476,167955
1.2402099E7,261476,24287
1.07781E7,261476,172991
1.28654E7,261476,349
1.08588E7,261476,170673
1.11027E7,261476,143666
1.23778E7,261476,20294
1.28215E7,261476,35616
1.2588E7,261476,12691
1.0690001E7,261476,195078
1.12817E7,261476,221647
1.0869099E7,261476,147802
1.15652E7,261476,109842
1.25709E7,261476,1669
1.3022999E7,291673,100794
1.1687501E7,291673,212703
1.26146E7,291673,109446
1.28558E7,291673,105899
1.38244E7,291673,19844
1.09592E7,291673,255703
1.37569E7,291673,28602
1.35255E7,291673,61530
1.3300001E7,291673,74271
1.3757301E7,291673,25440
1.1976799E7,291673,173895
1.37292E7,291673,45902
1.36338E7,291673,138473
1.19041E7,291673,199930
1.38553E7,291673,23269
1.35149E7,291673,69231
1.41561E7,291673,55205
1.17438E7,291673,224866
1.35782E7,291673,133050
1.28074E7,291673,99477
1.1532701E7,291673,254804
1.2557801E7,291673,132347
1.41717E7,291673,17680
1.36902E7,291673,33354
1.16155E7,291673,263033
1.2670599E7,291673,215652
1.32978E7,291673,79500
1.3510599E7,291673,74679
1.11245E7,291673,262166
1.14272E7,291673,249887
1.25071E7,291673,135343
1.37597E7,291673,30033
1.15176E7,291673,223548
1.33691E7,291673,54403
1.19143E7,291673,187543
1.1294901E7,291673,253964
1.43227E7,291673,44712
1.25022E7,291673,141015
1.0940601E7,291673,255404
1.1994E7,291673,187836
1.23732E7,325357,286963
1.25373E7,325357,292554
1.21051E7,325357,313308
1.41645E7,325357,149274
1.6498299E7,325357,72673
1.4141E7,325357,144352
1.32735E7,325357,208803
1.5162101E7,325357,40527
1.3222201E7,325357,248371
1.4941401E7,325357,67528
1.2335001E7,325357,305331
1.3119299E7,325357,211212
1.28667E7,325357,237958
1.44139E7,325357,108518
1.52828E7,325357,62679
1.28157E7,325357,255215
1.2778101E7,325357,298795
1.63504E7,325357,10705
1.57576E7,325357,9823
1.31078E7,325357,236697
1.32916E7,325357,213726
1.3155299E7,325357,206402
1.46062E7,325357,102500
1.14782E7,325357,324987
1.5617599E7,325357,21593
1.5397E7,325357,29305
1.42501E7,325357,135648
1.3678101E7,325357,149277
1.49015E7,325357,68152
1.43691E7,325357,140735
1.35304E7,325357,197150
1.2111801E7,325357,315094
1.4985801E7,325357,69671
1.30041E7,325357,240342
1.3817701E7,325357,242842
1.5318499E7,325357,31534
1.41343E7,325357,140691
1.40774E7,325357,143712
1.3661701E7,325357,184504
1.2050901E7,325357,313031
1.50642E7,362932,216352
1.45558E7,362932,283819
1.36374E7,362932,332027
1.4560199E7,362932,259334
1.37024E7,362932,313047
1.74367E7,362932,42561
1.67084E7,362932,196696
1.6883399E7,362932,56256
1.71775E7,362932,23887
1.5719501E7,362932,166914
1.5216399E7,362932,205579
1.51276E7,362932,268227
1.7478499E7,362932,15748
1.75549E7,362932,6201
1.56133E7,362932,149370
1.5144E7,362932,226451
1.79025E7,362932,34419
1.4649499E7,362932,314366
1.5365701E7,362932,179042
1.46407E7,362932,239530
1.5700601E7,362932,172161
1.5847101E7,362932,149066
1.4041099E7,362932,274037
1.60798E7,362932,126238
1.7301899E7,362932,23441
1.37347E7,362932,309582
1.6743E7,362932,68396
1.54288E7,362932,252180
1.48389E7,362932,268592
1.3638999E7,362932,348345
1.63547E7,362932,107633
1.52665E7,362932,334048
1.67824E7,362932,76157
1.60798E7,362932,133375
1.74916E7,362932,16369
1.4257999E7,362932,290144
1.4165901E7,362932,320095
1.4138899E7,362932,292757
1.47357E7,362932,244264
1.3040501E7,362932,328836
1.52221E7,404846,382123
1.8745001E7,404846,70759
1.45874E7,404846,392540
1.4708301E7,404846,396841
1.6161599E7,404846,354595
1.60246E7,404846,315076
1.8928799E7,404846,61408
1.4980401E7,404846,366823
1.85529E7,404846,105759
1.82597E7,404846,125719
1.7214201E7,404846,181710
1.5580301E7,404846,373224
1.93093E7,404846,37355
1.79291E7,404846,141996
1.6859199E7,404846,256472
1.867E7,404846,132862
1.7985901E7,404846,172083
1.95011E7,404846,10300
1.9378599E7,404846,74293
1.90909E7,404846,34100
1.90581E7,404846,42114
1.78735E7,404846,139292
1.86795E7,404846,66003
1.87245E7,404846,69868
1.86715E7,404846,110818
1.6043701E7,404846,334038
1.6403701E7,404846,270234
1.5925801E7,404846,374252
1.83547E7,404846,107320
1.7716399E7,404846,156753
1.751E7,404846,182484
1.9536301E7,404846,13185
1.51759E7,404846,341178
1.5983999E7,404846,364687
1.6740299E7,404846,232319
1.8737599E7,404846,83845
1.53999E7,404846,365210
1.91216E7,404846,68012
1.61219E7,404846,299050
1.81073E7,404846,131401
1.8191199E7,451600,387917
1.7477999E7,451600,374925
1.8295E7,451600,354643
1.81442E7,451600,298308
1.69868E7,451600,419036
1.77264E7,451600,333689
1.84842E7,451600,323398
2.06933E7,451600,154265
1.8985099E7,451600,249151
2.01422E7,451600,178147
2.09466E7,451600,86135
1.84031E7,451600,315896
1.8681299E7,451600,388663
1.59682E7,451600,451589
1.7913801E7,451600,327135
1.97386E7,451600,164010
1.83041E7,451600,269020
2.09362E7,451600,75760
1.81671E7,451600,337687
1.9715001E7,451600,268014
1.77617E7,451600,415391
2.13491E7,451600,190970
1.7043801E7,451600,414219
1.8278001E7,451600,331592
1.8969599E7,451600,258837
1.89012E7,451600,281714
2.1160901E7,451600,68417
1.9952901E7,451600,157327
1.9138099E7,451600,235194
1.78158E7,451600,399998
1.6843299E7,451600,427734
1.90857E7,451600,223111
2.2213101E7,451600,177195
1.73045E7,451600,393775
2.0356101E7,451600,140275
1.9467599E7,451600,304297
1.9806801E7,451600,150700
1.77497E7,451600,331001
2.0034401E7,451600,187583
1.85336E7,451600,354230
1.9017599E7,503754,494936
2.242E7,503754,166021
2.25122E7,503754,253242
2.1970601E7,503754,238266
2.05207E7,503754,299875
1.9779099E7,503754,399646
2.24705E7,503754,202883
2.2659799E7,503754,153882
1.9651199E7,503754,469673
2.0095499E7,503754,358265
2.2624799E7,503754,146351
2.22306E7,503754,178246
2.12899E7,503754,262221
2.30493E7,503754,122869
2.39356E7,503754,33515
1.87901E7,503754,461107
2.39279E7,503754,54128
1.9497699E7,503754,434780
2.06415E7,503754,301047
2.2023899E7,503754,248451
2.1491399E7,503754,297612
2.0747E7,503754,361404
1.92018E7,503754,400220
2.1510901E7,503754,242740
2.23571E7,503754,160527
2.34671E7,503754,71076
2.29533E7,503754,102563
2.3705599E7,503754,66086
2.3255199E7,503754,120255
2.28893E7,503754,146016
2.2340899E7,503754,174392
2.09835E7,503754,389127
2.4231599E7,503754,28432
1.93838E7,503754,441104
1.94723E7,503754,450894
2.3559E7,503754,85361
2.3697901E7,503754,58280
2.14914E7,503754,246272
2.2283701E7,503754,212668
2.66437E7,503754,93326
2.31485E7,561931,381346
2.1502801E7,561931,455781
2.12998E7,561931,527499
2.12768E7,561931,557756
2.30503E7,561931,363291
2.4126201E7,561931,299046
2.27217E7,561931,415120
2.4863E7,561931,224045
2.5514299E7,561931,124013
2.18764E7,561931,502498
2.3307001E7,561931,330443
2.50221E7,561931,172353
2.46707E7,561931,198413
2.36798E7,561931,289867
2.56683E7,561931,177606
2.4630601E7,561931,285992
2.3440501E7,561931,280216
2.2287399E7,561931,500830
2.35035E7,561931,333498
2.22402E7,561931,420888
2.6216E7,561931,93295
2.27859E7,561931,390367
2.54145E7,561931,144859
2.51349E7,561931,192740
2.29043E7,561931,483286
2.3719299E7,561931,276496
2.50045E7,561931,256580
2.2546199E7,561931,369992
2.19235E7,561931,428559
2.56798E7,561931,122159
2.35073E7,561931,333368
2.4811899E7,561931,211049
2.19941E7,561931,462542
2.39515E7,561931,301586
2.67205E7,561931,130278
2.11145E7,561931,508029
2.66288E7,561931,50858
2.4521399E7,561931,262459
2.38268E7,561931,285810
2.5771999E7,561931,132811
2.5428001E7,626826,464259
2.88612E7,626826,150373
2.40902E7,626826,554157
2.65442E7,626826,447278
2.56564E7,626826,384947
2.4373699E7,626826,597475
2.98231E7,626826,63653
2.2883799E7,626826,566187
2.65008E7,626826,433049
2.9774399E7,626826,175491
2.6352399E7,626826,413683
3.0247701E7,626826,12454
2.62541E7,626826,359294
2.61273E7,626826,392662
2.61458E7,626826,335869
2.8732101E7,626826,241391
2.3926E7,626826,561256
2.59774E7,626826,403137
2.71891E7,626826,277903
2.7146099E7,626826,284163
2.76942E7,626826,213575
2.98794E7,626826,47407
2.77588E7,626826,271598
2.82501E7,626826,205025
2.75182E7,626826,318431
3.07451E7,626826,64192
2.69515E7,626826,338217
2.7324199E7,626826,281854
2.9141301E7,626826,124732
2.65963E7,626826,304943
2.78662E7,626826,233196
2.528E7,626826,451684
2.58192E7,626826,381062
2.5261401E7,626826,482834
2.83221E7,626826,228324
3.04655E7,626826,6750
2.69836E7,626826,285958
2.89848E7,626826,135932
2.48335E7,626826,445629
2.9148999E7,626826,137312
3.1700501E7,699216,306124
3.17831E7,699216,211476
2.53938E7,699216,696415
3.31036E7,699216,164106
2.7770699E7,699216,557205
3.3396899E7,699216,39522
2.77213E7,699216,488057
2.73145E7,699216,543700
3.25553E7,699216,140371
2.63423E7,699216,662702
2.5462499E7,699216,688656
3.2359E7,699216,165159
2.9989E7,699216,459313
3.1666299E7,699216,211100
3.34514E7,699216,110234
2.95168E7,699216,365344
2.7323901E7,699216,598269
2.70695E7,699216,589737
2.86338E7,699216,416476
2.79708E7,699216,478912
2.61303E7,699216,564635
3.3713899E7,699216,60302
2.7826601E7,699216,525946
3.03046E7,699216,311923
2.68908E7,699216,589487
2.82923E7,699216,529264
2.8657301E7,699216,457813
3.38661E7,699216,10670
2.7801E7,699216,478437
2.6655099E7,699216,632653
2.85114E7,699216,513103
3.1309E7,699216,245230
3.04723E7,699216,320046
2.8925301E7,699216,452393
3.18979E7,699216,175465
3.0694901E7,699216,287335
2.81763E7,699216,574608
2.6794699E7,699216,660303
3.2746199E7,699216,98280
3.38571E7,699216,66535
3.03337E7,779966,710559
3.21165E7,779966,434666
2.9001201E7,779966,752140
3.2240401E7,779966,466330
3.5280199E7,779966,216822
3.0811401E7,779966,628271
3.0234601E7,779966,709424
3.5125E7,779966,337443
3.17153E7,779966,699708
3.38455E7,779966,380725
3.74978E7,779966,39524
3.76296E7,779966,49929
3.7679399E7,779966,35781
3.5558501E7,779966,178575
3.0001199E7,779966,706043
3.65997E7,779966,161458
3.21395E7,779966,472173
4.1106001E7,779966,26517
3.4549999E7,779966,331559
2.99524E7,779966,744240
3.62748E7,779966,151943
3.32671E7,779966,446721
3.2292501E7,779966,475667
3.4623899E7,779966,319359
3.3854E7,779966,411370
3.64764E7,779966,161104
3.7565301E7,779966,105748
3.70153E7,779966,78778
3.5584601E7,779966,153029
3.2016901E7,779966,551477
3.33386E7,779966,485312
3.32878E7,779966,398437
3.2781399E7,779966,490685
3.4404E7,779966,297879
3.75692E7,779966,47732
3.57984E7,779966,147546
3.60089E7,779966,178806
3.3588899E7,779966,434484
3.40606E7,779966,405235
3.65888E7,779966,114931
4.04396E7,870042,156755
4.08262E7,870042,130657
3.7552901E7,870042,396119
3.9821099E7,870042,217651
3.51809E7,870042,620232
4.09012E7,870042,109101
3.8219099E7,870042,377183
3.65926E7,870042,510347
3.97339E7,870042,195354
3.3425499E7,870042,757480
3.6795001E7,870042,445058
3.88389E7,870042,353015
3.6753E7,870042,559395
4.05634E7,870042,132393
3.55151E7,870042,632978
3.34131E7,870042,777341
3.8900999E7,870042,332374
3.30846E7,870042,788394
3.9305E7,870042,291847
4.0398699E7,870042,209149
4.1852999E7,870042,47236
4.15452E7,870042,71231
3.5898501E7,870042,571125
4.05816E7,870042,204880
3.55597E7,870042,603319
3.6551901E7,870042,621372
3.932E7,870042,244693
3.8136301E7,870042,373755
4.00232E7,870042,184025
4.0715101E7,870042,171903
3.67941E7,870042,517359
3.23383E7,870042,843948
3.31533E7,870042,825919
3.5011799E7,870042,621450
3.8977801E7,870042,330371
3.2982101E7,870042,783976
4.0628599E7,870042,251955
3.3024801E7,870042,835260
3.9279701E7,870042,317057
3.3922601E7,870042,794995
4.42279E7,970520,390843
3.8504901E7,970520,788936
3.61393E7,970520,896016
4.0282601E7,970520,692602
3.9681899E7,970520,737706
3.75336E7,970520,882177
3.8737E7,970520,735835
4.5260699E7,970520,193639
4.33471E7,970520,373597
3.75803E7,970520,916422
4.00326E7,970520,580164
4.62029E7,970520,128994
4.32117E7,970520,344321
4.3730499E7,970520,339422
3.91902E7,970520,623549
4.61128E7,970520,100467
3.8676701E7,970520,785629
4.4023301E7,970520,304330
4.40584E7,970520,327411
3.8918501E7,970520,672596
4.30123E7,970520,339403
4.62079E7,970520,106671
3.82254E7,970520,843683
4.4105899E7,970520,289324
4.6532E7,970520,19592
3.82187E7,970520,813552
4.34735E7,970520,357689
4.68514E7,970520,45765
4.53991E7,970520,124922
4.4674E7,970520,206450
4.14785E7,970520,506701
3.9666899E7,970520,745964
4.6920501E7,970520,35931
4.3107101E7,970520,348801
4.72764E7,970520,9607
4.29557E7,970520,396936
3.9651901E7,970520,690320
4.70024E7,970520,124985
4.6802E7,970520,20064
4.30564E7,970520,325053
4.44354E7,1082602,865140
4.4993701E7,1082602,663743
4.4075901E7,1082602,834428
4.7072401E7,1082602,612467
4.9086699E7,1082602,331424
4.4597601E7,1082602,583112
4.26179E7,1082602,864515
4.0092201E7,1082602,1040593
4.17236E7,1082602,880160
5.2961201E7,1082602,45111
4.88275E7,1082602,346079
4.4593E7,1082602,829730
4.3128701E7,1082602,782230
4.78918E7,1082602,507451
4.0880899E7,1082602,980458
5.26814E7,1082602,72940
4.0865E7,1082602,1061026
4.51112E7,1082602,679758
4.92413E7,1082602,480198
4.28445E7,1082602,870621
4.6286801E7,1082602,527892
5.0512999E7,1082602,230704
4.6992E7,1082602,521198
5.26823E7,1082602,3225
4.87588E7,1082602,355633
5.27642E7,1082602,5184
4.989E7,1082602,298839
4.34352E7,1082602,732551
4.63743E7,1082602,702340
4.53331E7,1082602,626207
5.2115699E7,1082602,39976
4.61448E7,1082602,552062
4.94633E7,1082602,450615
4.55032E7,1082602,786995
4.90971E7,1082602,285458
4.40884E7,1082602,790596
4.32455E7,1082602,890427
4.9467E7,1082602,250644
4.18619E7,1082602,909997
4.98802E7,1082602,290439
4.9470101E7,1207629,723028
4.4432199E7,1207629,1180243
5.24946E7,1207629,526278
5.82332E7,1207629,195287
5.77517E7,1207629,197592
4.7891E7,1207629,980343
4.80923E7,1207629,1029021
5.1722801E7,1207629,759728
5.47794E7,1207629,464594
5.43266E7,1207629,527960
4.89727E7,1207629,886990
5.49545E7,1207629,398852
5.54123E7,1207629,445992
5.10356E7,1207629,715210
5.3272301E7,1207629,454510
5.0383101E7,1207629,716248
5.3728E7,1207629,374792
5.77303E7,1207629,106408
4.6297499E7,1207629,972109
5.2139701E7,1207629,660934
4.8252199E7,1207629,991905
5.20975E7,1207629,597767
4.4437099E7,1207629,1095084
5.3257499E7,1207629,636319
4.62923E7,1207629,1204630
5.1894399E7,1207629,680098
5.54761E7,1207629,239833
4.8094801E7,1207629,988427
4.77553E7,1207629,1081028
5.02106E7,1207629,836785
5.40263E7,1207629,479270
5.33149E7,1207629,538250
4.60399E7,1207629,913367
5.0515301E7,1207629,706569
5.17824E7,1207629,667190
5.01324E7,1207629,965275
5.0475E7,1207629,725108
5.31964E7,1207629,431453
4.77907E7,1207629,896264
5.25937E7,1207629,535360
5.32407E7,1347093,1195641
5.7153899E7,1347093,919694
5.53525E7,1347093,940736
5.0091E7,1347093,1338124
5.9493E7,1347093,564818
5.2410099E7,1347093,1233110
5.40646E7,1347093,1199719
5.69072E7,1347093,780650
5.2427399E7,1347093,1197283
6.0532201E7,1347093,469633
6.3422301E7,1347093,207038
5.85807E7,1347093,743194
6.2044E7,1347093,347437
6.11629E7,1347093,381625
5.72616E7,1347093,839922
6.3303501E7,1347093,238238
6.12646E7,1347093,445856
5.35057E7,1347093,1174739
5.9498101E7,1347093,691013
6.53723E7,1347093,35588
6.1747601E7,1347093,439433
5.7312801E7,1347093,765784
5.6000601E7,1347093,876785
5.21818E7,1347093,1249093
5.3382801E7,1347093,987671
6.46261E7,1347093,189051
5.70859E7,1347093,793760
5.60332E7,1347093,1039233
5.61625E7,1347093,819763
5.96992E7,1347093,762344
5.48736E7,1347093,949945
6.26126E7,1347093,272631
5.66006E7,1347093,757482
6.31697E7,1347093,455633
5.42272E7,1347093,1020465
5.09322E7,1347093,1342723
5.5196499E7,1347093,803522
6.27275E7,1347093,342619
6.27984E7,1347093,279311
5.58515E7,1347093,1001925
6.69023E7,1502665,580596
7.12266E7,1502665,197630
7.13825E7,1502665,146644
6.3426299E7,1502665,996358
7.33502E7,1502665,8276
6.83396E7,1502665,514783
6.83222E7,1502665,498550
7.05149E7,1502665,235193
6.87971E7,1502665,445819
6.07383E7,1502665,1130524
6.03253E7,1502665,1108715
5.9942099E7,1502665,1423485
6.7034601E7,1502665,601128
6.7139099E7,1502665,570332
5.84016E7,1502665,1361342
5.7231701E7,1502665,1442763
6.2422101E7,1502665,913284
6.33426E7,1502665,977475
6.74992E7,1502665,773057
7.30011E7,1502665,97434
5.96222E7,1502665,1126920
6.44563E7,1502665,839846
6.64751E7,1502665,560831
7.11973E7,1502665,256792
6.1126701E7,1502665,1233812
6.3028101E7,1502665,869012
5.95856E7,1502665,1301157
5.98074E7,1502665,1305428
7.0228099E7,1502665,314937
5.854E7,1502665,1247792
7.08311E7,1502665,202041
5.7601099E7,1502665,1390730
6.97906E7,1502665,382702
7.11551E7,1502665,195221
6.32261E7,1502665,1038275
7.2669601E7,1502665,32317
6.88793E7,1502665,480565
6.77576E7,1502665,662651
5.93794E7,1502665,1368647
7.31793E7,1502665,85767
7.38306E7,1676202,855624
7.99948E7,1676202,201900
6.95904E7,1676202,1155228
7.6245999E7,1676202,486355
8.14717E7,1676202,123725
7.3710799E7,1676202,752311
7.6363E7,1676202,454275
7.6653999E7,1676202,472734
6.7939E7,1676202,1213428
7.30968E7,1676202,883217
7.6724499E7,1676202,477728
6.44109E7,1676202,1424713
7.27908E7,1676202,855213
7.8518099E7,1676202,294555
8.2109E7,1676202,112828
7.16269E7,1676202,974121
6.3715799E7,1676202,1425162
6.89498E7,1676202,1305117
7.2813501E7,1676202,922418
7.12007E7,1676202,1035219
6.5516E7,1676202,1416009
7.1391001E7,1676202,1132298
8.07821E7,1676202,129381
7.79357E7,1676202,315530
7.6369701E7,1676202,695505
7.15162E7,1676202,1119169
7.56734E7,1676202,627918
6.96029E7,1676202,1014427
6.78557E7,1676202,1420947
7.82686E7,1676202,367015
6.80497E7,1676202,1381422
7.69799E7,1676202,594015
8.20721E7,1676202,18923
6.52376E7,1676202,1620151
7.97323E7,1676202,88775
8.18728E7,1676202,26161
6.84286E7,1676202,1280823
7.0186E7,1676202,1023640
6.7969099E7,1676202,1243690
7.37109E7,1676202,644510
8.84157E7,1869781,384046
8.0788E7,1869781,866087
8.2671901E7,1869781,797632
8.3790499E7,1869781,802221
8.8674E7,1869781,262918
7.48321E7,1869781,1674033
7.04355E7,1869781,1851221
8.1462301E7,1869781,927048
7.9418999E7,1869781,1199486
7.79244E7,1869781,1203419
9.14504E7,1869781,13240
7.4316999E7,1869781,1660525
8.4668301E7,1869781,659929
8.5810301E7,1869781,718602
7.44214E7,1869781,1716902
8.70379E7,1869781,346238
8.5813699E7,1869781,509426
8.18147E7,1869781,1027159
8.00082E7,1869781,988676
7.6325901E7,1869781,1379255
8.90679E7,1869781,210317
8.7665801E7,1869781,249311
8.24531E7,1869781,871236
7.7609401E7,1869781,1340874
7.82241E7,1869781,1257083
7.47521E7,1869781,1437249
6.99109E7,1869781,1866291
7.8578499E7,1869781,1397716
8.70348E7,1869781,386831
8.6066701E7,1869781,424782
8.00522E7,1869781,1198943
7.69417E7,1869781,1402630
9.12193E7,1869781,917025
8.87772E7,1869781,313101
7.95053E7,1869781,1293660
8.4430901E7,1869781,753553
8.3401699E7,1869781,826255
8.80449E7,1869781,539191
8.92477E7,1869781,150830
8.3889799E7,1869781,700621
9.1358099E7,2085716,1092662
9.90673E7,2085716,315855
9.1743501E7,2085716,1018478
1.01120599E8,2085716,300880
8.8017999E7,2085716,1456802
9.2774199E7,2085716,850903
9.5167601E7,2085716,855090
8.52033E7,2085716,1519473
7.8837501E7,2085716,1698645
8.45358E7,2085716,1708865
1.026629E8,2085716,1878
8.4458101E7,2085716,1869196
9.96399E7,2085716,241604
8.2810699E7,2085716,1898180
9.7030999E7,2085716,510616
9.52282E7,2085716,764170
8.27241E7,2085716,1832402
9.29532E7,2085716,751585
9.78173E7,2085716,511325
9.1194001E7,2085716,915995
9.86783E7,2085716,372488
8.43319E7,2085716,1606106
1.020726E8,2085716,31639
8.0128799E7,2085716,2048426
8.2436899E7,2085716,1830668
9.83295E7,2085716,340287
8.91126E7,2085716,1126374
8.2209401E7,2085716,1998815
1.01687699E8,2085716,123957
9.16821E7,2085716,1109731
8.9288401E7,2085716,1250454
8.94804E7,2085716,1326166
8.6979399E7,2085716,1259259
9.0742E7,2085716,1133095
1.008681E8,2085716,319293
1.018453E8,2085716,6580
8.82411E7,2085716,1246261
1.025042E8,2085716,41549
9.4284499E7,2085716,770790
9.51345E7,2085716,791271
9.0928599E7,2326588,2088445
1.050151E8,2326588,968166
1.108696E8,2326588,356233
1.048636E8,2326588,891891
1.04296201E8,2326588,936279
9.3393701E7,2326588,1716385
9.9642899E7,2326588,1390088
9.9932699E7,2326588,1421286
9.74042E7,2326588,1381528
1.041397E8,2326588,965563
1.07954101E8,2326588,639456
9.6805301E7,2326588,1423643
1.027439E8,2326588,1076897
1.11292201E8,2326588,243696
9.7327E7,2326588,1683378
1.077066E8,2326588,738924
1.05525301E8,2326588,891475
9.7784401E7,2326588,1852701
1.077932E8,2326588,785531
1.043735E8,2326588,904258
1.141774E8,2326588,17146
1.101621E8,2326588,338652
1.12088599E8,2326588,242324
9.4272001E7,2326588,2045412
1.112613E8,2326588,205942
9.17408E7,2326588,2234821
1.109521E8,2326588,477527
9.54737E7,2326588,1800029
1.090948E8,2326588,472208
9.4132801E7,2326588,1888684
1.094509E8,2326588,369460
9.9575301E7,2326588,1466274
8.89151E7,2326588,2284852
9.6602401E7,2326588,1655974
1.077749E8,2326588,769136
8.8982E7,2326588,2295491
1.03348301E8,2326588,974704
1.05907E8,2326588,823891
1.080128E8,2326588,646095
1.00962799E8,2326588,1362987
1.119557E8,2595278,1390833
1.14606E8,2595278,1029839
1.195015E8,2595278,881801
1.134683E8,2595278,1172835
1.238616E8,2595278,400635
1.010935E8,2595278,2383017
1.146936E8,2595278,1106162
1.239319E8,2595278,397544
9.9842101E7,2595278,2525361
1.162251E8,2595278,976876
1.192609E8,2595278,729877
1.067945E8,2595278,1891629
1.24064099E8,2595278,458236
1.143214E8,2595278,1322372
1.165958E8,2595278,1123879
1.02253301E8,2595278,2179899
1.006165E8,2595278,2365007
1.035083E8,2595278,2290752
1.132478E8,2595278,1318111
1.09157599E8,2595278,1986994
1.073859E8,2595278,2115971
1.253048E8,2595278,186571
1.05290099E8,2595278,2321215
1.16453E8,2595278,1033166
1.25480699E8,2595278,201936
1.15906499E8,2595278,911699
1.15400201E8,2595278,1213054
1.104345E8,2595278,1694701
1.03851101E8,2595278,2004599
1.246188E8,2595278,277429
9.7263899E7,2595278,2593043
1.034268E8,2595278,2106514
1.05269401E8,2595278,2236818
1.073037E8,2595278,1907203
1.088061E8,2595278,1850632
1.19800501E8,2595278,709978
1.065649E8,2595278,2039322
1.227739E8,2595278,468696
9.8980499E7,2595278,2549746
1.05997E8,2595278,2287041
1.247849E8,2894998,1833541
1.293114E8,2894998,1353171
1.30245501E8,2894998,1419825
1.328782E8,2894998,735824
1.337102E8,2894998,1849561
1.343712E8,2894998,837089
1.165188E8,2894998,2667068
1.15371401E8,2894998,2512834
1.41904899E8,2894998,123236
1.419086E8,2894998,77053
1.349513E8,2894998,773724
1.14344699E8,2894998,2375693
1.39479701E8,2894998,381650
1.404419E8,2894998,132292
1.31709301E8,2894998,1174238
1.30780501E8,2894998,1171567
1.334507E8,2894998,774557
1.30146901E8,2894998,1118722
1.27994499E8,2894998,1626871
1.129953E8,2894998,2634812
1.292035E8,2894998,1307450
1.169221E8,2894998,2733772
1.364664E8,2894998,713182
1.42854801E8,2894998,15975
2.06505299E8,2894998,304507
1.450219E8,2894998,543950
1.177913E8,2894998,2331567
1.212653E8,2894998,2177984
1.191179E8,2894998,2752006
1.301139E8,2894998,2629975
1.24235E8,2894998,2166407
1.33181601E8,2894998,908104
1.192297E8,2894998,2571265
1.395309E8,2894998,249269
1.273564E8,2894998,1508580
1.280218E8,2894998,1199623
1.094132E8,2894998,2760712
1.319037E8,2894998,1587992
1.256381E8,2894998,1752177
1.23896999E8,2894998,1756124
1.32475E8,3229331,3078611
1.442365E8,3229331,1489665
1.429757E8,3229331,1532121
1.501816E8,3229331,1579172
1.414618E8,3229331,1705311
1.42751599E8,3229331,1761785
1.540751E8,3229331,542183
1.445667E8,3229331,1417099
1.44464901E8,3229331,1376377
1.50388E8,3229331,916030
1.564775E8,3229331,260319
1.49973399E8,3229331,997866
1.546873E8,3229331,505604
1.371964E8,3229331,1861473
1.47262501E8,3229331,1310233
1.281062E8,3229331,2888252
1.276262E8,3229331,2997591
1.575128E8,3229331,392775
1.46796699E8,3229331,1205246
1.522892E8,3229331,651639
1.581674E8,3229331,191443
1.357759E8,3229331,1977748
1.34906E8,3229331,2537153
1.36510899E8,3229331,1935668
1.346126E8,3229331,2270168
1.41717201E8,3229331,1721776
1.34610299E8,3229331,2167849
1.50492499E8,3229331,802512
1.55224299E8,3229331,314505
1.413544E8,3229331,1453535
1.495547E8,3229331,714218
1.445996E8,3229331,1468282
1.51798601E8,3229331,691429
1.432305E8,3229331,1541779
1.53169001E8,3229331,675936
1.26384901E8,3229331,3081861
1.286006E8,3229331,3056599
1.580513E8,3229331,201945
1.456342E8,3229331,1248751
1.583341E8,3229331,42436
1.50831001E8,3602275,2065534
1.552841E8,3602275,2347487
1.73982501E8,3602275,480267
1.587914E8,3602275,2278633
1.552123E8,3602275,2115442
1.46878301E8,3602275,2936146
1.73421E8,3602275,318701
1.694634E8,3602275,749028
1.517675E8,3602275,2881438
1.65527099E8,3602275,976129
1.49705101E8,3602275,2662713
1.63738701E8,3602275,1396567
1.68789E8,3602275,790744
1.441387E8,3602275,3404837
1.48560099E8,3602275,2719966
1.47165799E8,3602275,2892227
1.66164E8,3602275,1159304
1.696162E8,3602275,665714
1.78020501E8,3602275,59139
1.469715E8,3602275,3076949
1.591188E8,3602275,1768250
1.500942E8,3602275,2999837
1.68405601E8,3602275,790903
1.57188999E8,3602275,2103831
1.55259E8,3602275,2519106
1.70274199E8,3602275,658727
1.613215E8,3602275,1656754
1.453728E8,3602275,3233316
1.555972E8,3602275,2449951
1.652246E8,3602275,1404324
1.650444E8,3602275,1018278
1.74106001E8,3602275,269623
1.579549E8,3602275,1788197
1.668096E8,3602275,835132
1.586387E8,3602275,1999588
1.41360299E8,3602275,3522849
1.548349E8,3602275,2155642
1.506441E8,3602275,2590465
1.64294499E8,3602275,1721137
1.474471E8,3602275,3489766
1.75023899E8,4018290,3735227
1.759245E8,4018290,3202926
1.555184E8,4018290,3527508
1.85349699E8,4018290,1480504
1.758803E8,4018290,2260300
1.663138E8,4018290,3588473
1.976542E8,4018290,110975
2.022668E8,4018290,479168
1.915096E8,4018290,1438769
1.82894499E8,4018290,2433861
1.837629E8,4018290,2263598
1.950179E8,4018290,1328027
1.856507E8,4018290,2089629
1.851033E8,4018290,2768590
2.96371101E8,4018290,3120177
2.001779E8,4018290,1096540
1.675935E8,4018290,3168592
1.86142199E8,4018290,1520166
1.981047E8,4018290,1227374
1.895409E8,4018290,2440089
1.870976E8,4018290,2446349
1.87228E8,4018290,2379529
2.001703E8,4018290,1399571
1.985607E8,4018290,469643
1.95387899E8,4018290,1604091
1.93094E8,4018290,2798977
1.68807399E8,4018290,3482518
1.76486799E8,4018290,3406593
1.854262E8,4018290,1719426
1.721602E8,4018290,3837879
1.921934E8,4018290,2748818
2.12929899E8,4018290,197653
1.79044601E8,4018290,2982889
1.71451099E8,4018290,2757698
1.894981E8,4018290,910419
1.985126E8,4018290,842319
1.88327301E8,4018290,2747979
1.824698E8,4018290,3012910
1.729893E8,4018290,2309673
1.86644501E8,4018290,1205101
1.92020799E8,4482348,3252615
1.876935E8,4482348,2971562
2.07926101E8,4482348,1801690
1.90583299E8,4482348,2887261
1.956559E8,4482348,2267101
2.171141E8,4482348,499512
1.96089799E8,4482348,2296080
2.344826E8,4482348,318928
1.98016601E8,4482348,4389727
2.12637701E8,4482348,2937931
2.286742E8,4482348,716376
2.107729E8,4482348,2057712
1.754717E8,4482348,3942345
2.065707E8,4482348,2007593
1.985156E8,4482348,2550722
2.099626E8,4482348,2037343
1.93072101E8,4482348,3917035
1.946701E8,4482348,3589588
2.396213E8,4482348,516266
2.102312E8,4482348,1826871
1.96774199E8,4482348,3514616
2.18794399E8,4482348,587057
2.21313001E8,4482348,1241604
1.90722001E8,4482348,3138544
2.144106E8,4482348,1050451
2.07380601E8,4482348,3471412
2.22485199E8,4482348,1216085
1.92691099E8,4482348,4310811
1.83210901E8,4482348,4380078
2.229715E8,4482348,1124619
2.04178E8,4482348,2169877
2.01365599E8,4482348,3462006
2.088125E8,4482348,1751529
2.13739499E8,4482348,1870655
2.064403E8,4482348,2805067
2.366484E8,4482348,326319
1.95407599E8,4482348,3904164
2.12063799E8,4482348,2492281
2.183985E8,4482348,1953465
2.223923E8,4482348,1285603
2.3727E8,4999999,2687179
2.227919E8,4999999,3308168
2.358626E8,4999999,1590619
2.47906499E8,4999999,2684553
2.495445E8,4999999,1050566
2.33335999E8,4999999,2704323
2.214385E8,4999999,4370932
2.476718E8,4999999,192012
2.200139E8,4999999,3352013
2.18757E8,4999999,3804858
2.088965E8,4999999,4495212
2.16874401E8,4999999,3611889
2.48640801E8,4999999,1931675
2.194331E8,4999999,3105858
2.23119801E8,4999999,2962040
2.33164401E8,4999999,1649732
2.03995001E8,4999999,4760725
2.320815E8,4999999,1456296
2.441724E8,4999999,301590
2.269828E8,4999999,1989135
2.454042E8,4999999,6106
2.213644E8,4999999,2726842
2.273114E8,4999999,2113662
2.023375E8,4999999,4228020
2.01623E8,4999999,4997912
2.313498E8,4999999,1665531
2.435609E8,4999999,979021
2.23616301E8,4999999,3458653
2.141214E8,4999999,4042799
2.192617E8,4999999,3195037
2.21666E8,4999999,2799730
2.13255199E8,4999999,3688314
2.030122E8,4999999,4882609
2.55763399E8,4999999,461811
2.559138E8,4999999,313142
2.29598599E8,4999999,2503968
2.42722999E8,4999999,1074347
2.39586799E8,4999999,784639
2.372785E8,4999999,1302911
2.16975399E8,4999999,3983000
